path	top_level	first_nonempty_line	headings_sample
404.rst	.	:orphan:	Sorry, Page Not Found
CMakeLists.txt	.	# SPDX-License-Identifier: Apache-2.0	SPDX-License-Identifier: Apache-2.0 \| Options \| Dependencies \| Environment & Paths \| Functions \| Create a custom doc target.
LICENSING.rst	.	:orphan:	Licensing of Zephyr Project components \| Bootstrap JavaScript and CSS Files \| Continuous Integration Scripts \| Coccinelle Scripts \| GCOV Coverage Header File \| ENE KB1200_EVB Board OpenOCD Configuration
_doxygen/groups.dox	_doxygen	/**	
_doxygen/mainpage.md	_doxygen	# Introduction	Introduction \| Supported Boards \| Licensing
build/cmake/index.rst	build	.. _cmake-details:	Build System (CMake) \| Build and Configuration Phases \| Configuration Phase \| Build Phase \| Supporting Scripts and Tools \| :zephyr_file:`scripts/build/gen_syscalls.py`
build/dts/api-usage.rst	build	.. _dt-from-c:	Devicetree access from C/C++ \| A note for Linux developers \| Node identifiers \| Node identifiers are not values \| Property access \| Checking properties and values
build/dts/api/api.rst	build	.. _devicetree_api:	Devicetree API \| Generic APIs \| Node identifiers and helpers \| Property access \| ``ranges`` property \| ``reg`` property
build/dts/bindings-intro.rst	build	.. _dt-binding-compat:	Introduction to Devicetree Bindings \| A simple example \| What the build system does with bindings \| Other ways nodes are matched to bindings \| Where bindings are located
build/dts/bindings-syntax.rst	build	.. _dt-bindings-file-syntax:	Devicetree bindings syntax \| Top level keys \| Title \| Description \| Compatible \| Properties
build/dts/bindings-upstream.rst	build	.. _dt-writing-bindings:	Rules for upstream bindings \| Always check for existing bindings \| General rules \| File names \| Recommendations are requirements \| Descriptions
build/dts/bindings.rst	build	.. _dt-bindings:	Devicetree bindings
build/dts/design.rst	build	.. _dt-design:	Design goals \| Single source for hardware information \| Examples \| Example remaining work \| Source compatibility with other operating systems \| Examples
build/dts/dt-vs-kconfig.rst	build	.. _dt_vs_kconfig:	Devicetree versus Kconfig \| Automatic Kconfig symbols from devicetree
build/dts/howtos.rst	build	.. _dt-howtos:	Devicetree HOWTOs \| Get your devicetree and generated header \| Get a struct device from a devicetree node \| Find a devicetree binding \| Set devicetree overlays \| Use devicetree overlays
build/dts/index.rst	build	.. _devicetree:	Devicetree \| Devicetree Guide \| Devicetree Reference
build/dts/intro-input-output.rst	build	.. _devicetree-in-out-files:	Input and output files \| Input files \| Scripts and tools \| Output files
build/dts/intro-scope-purpose.rst	build	.. _devicetree-scope-purpose:	Scope and purpose
build/dts/intro-syntax-structure.rst	build	.. _dt-syntax:	Syntax and structure \| Example \| Nodes \| Properties \| Devicetrees reflect hardware \| Properties in practice
build/dts/intro.rst	build	.. _devicetree-intro:	Introduction to devicetree
build/dts/phandles.rst	build	.. _dt-phandles:	Phandles \| Getting phandles \| Using phandles \| One node: phandle type \| Zero or more nodes: phandles type \| Zero or more nodes with metadata: phandle-array type
build/dts/troubleshooting.rst	build	.. _dt-trouble:	Troubleshooting devicetree \| Try again with a pristine build directory \| Use Devicetree diagnostics tool (DT Doctor) \| Make sure <devicetree.h> is included \| undefined reference to ``__device_dts_ord_<N>`` \| Make sure you're using the right names
build/dts/zephyr-user-node.rst	build	.. _dt-inferred-bindings:	The ``/zephyr,user`` node \| Simple values \| Devices \| GPIOs
build/flashing/configuration.rst	build	.. _flashing-soc-board-config:	Flashing configuration \| Priority \| Configuration \| Usage
build/flashing/index.rst	build	.. _flashing:	Flashing
build/index.rst	build	.. _build_overview:	Build and Configuration Systems
build/kconfig/extensions.rst	build	.. _kconfig_extensions:	Kconfig extensions
build/kconfig/index.rst	build	.. _kconfig:	Configuration System (Kconfig)
build/kconfig/menuconfig.rst	build	.. _menuconfig:	Interactive Kconfig interfaces
build/kconfig/preprocessor-functions.rst	build	.. _kconfig-functions:	Custom Kconfig Preprocessor Functions \| Devicetree-related Functions \| Integer functions \| String functions \| Other functions \| Example Usage
build/kconfig/setting.rst	build	.. _setting_configuration_values:	Setting Kconfig configuration values \| Visible and invisible Kconfig symbols \| Setting symbols in configuration files \| The Initial Configuration \| Tracking Kconfig symbols \| Configuring invisible Kconfig symbols
build/kconfig/tips.rst	build	.. _kconfig_tips_and_tricks:	Kconfig - Tips and Best Practices \| What to turn into Kconfig options \| What not to turn into Kconfig options \| Options that specify a device in the system by name \| Options that specify fixed hardware configuration \| ``select`` statements
build/kconfig/tracing.rst	build	.. _kconfig_traceconfig:	Tracing values to their source
build/signing/index.rst	build	.. _build-signing:	Signing Binaries \| MCUboot / imgtool \| Extending signing externally
build/snippets/design.rst	build	Snippets Design	Snippets Design
build/snippets/index.rst	build	.. _snippets:	Snippets
build/snippets/using.rst	build	.. _using-snippets:	Using Snippets \| With west build \| With cmake \| Application required snippets
build/snippets/writing.rst	build	Writing Snippets	Writing Snippets \| Basics \| Namespacing \| Where snippets are located \| Processing order \| Devicetree overlays (``.overlay``)
build/sysbuild/images.rst	build	.. _sysbuild_images:	Sysbuild images \| Methods of adding images \| Applications \| Boards \| SoCs \| Modules
build/sysbuild/index.rst	build	.. _sysbuild:	Sysbuild (System build) \| Definitions \| Architectural Overview \| Building with sysbuild \| Configuration namespacing \| CMake variable namespacing
build/version/index.rst	build	.. _app-version-details:	Application version management \| VERSION file \| Use in code \| Use in Kconfig \| Use in CMake \| Use in MCUboot-supported applications
build/zephyr_cmake_package.rst	build	.. _cmake_pkg:	Zephyr CMake Package \| Zephyr CMake package export (west) \| Zephyr CMake package export (without west) \| Zephyr Base Environment Setting \| Zephyr CMake Package Search Order \| Zephyr CMake Package Version
connectivity/bluetooth/api/att.rst	connectivity	.. _bt_att:	Attribute Protocol (ATT) \| API Reference
connectivity/bluetooth/api/audio/audio.rst	connectivity	.. _bluetooth_audio:	Bluetooth Audio \| API Reference
connectivity/bluetooth/api/audio/bap.rst	connectivity	.. _bluetooth_bap:	Basic Audio Profile \| API Reference
connectivity/bluetooth/api/audio/bluetooth-le-audio-arch.rst	connectivity	.. _bluetooth_le_audio_arch:	LE Audio Stack \| Overall design \| Generic Audio Framework (GAF) \| Profile Dependencies \| Bluetooth Audio Stack Status \| Using the Bluetooth Audio Stack
connectivity/bluetooth/api/audio/cap.rst	connectivity	.. _bluetooth_cap:	Common Audio Profile \| API Reference
connectivity/bluetooth/api/audio/coordinated_sets.rst	connectivity	.. _bluetooth_coordinated_sets:	Bluetooth Coordinated Sets \| API Reference
connectivity/bluetooth/api/audio/media.rst	connectivity	.. _bluetooth_media:	Bluetooth Media \| API Reference \| Media Control Service \| Media Proxy \| Media Control Client
connectivity/bluetooth/api/audio/microphone.rst	connectivity	.. _bluetooth_microphone:	Bluetooth Microphone Control \| API Reference
connectivity/bluetooth/api/audio/volume.rst	connectivity	.. _bluetooth_volume:	Bluetooth Audio Volume Control \| API Reference
connectivity/bluetooth/api/classic/a2dp.rst	connectivity	.. _bt_a2dp:	Advanced Audio Distribution Profile (A2DP) \| API Reference
connectivity/bluetooth/api/classic/avrcp.rst	connectivity	.. _bt_avrcp:	Audio Video Remote Control Profile (AVRCP) \| API Reference
connectivity/bluetooth/api/classic/bip.rst	connectivity	.. _bt_bip:	Basic Imaging Profile (BIP) \| API Reference
connectivity/bluetooth/api/classic/goep.rst	connectivity	.. _bt_goep:	Generic Object Exchange Profile (GOEP) \| API Reference \| Generic Object Exchange Profile (GOEP) \| IrDA Object Exchange Protocol (OBEX)
connectivity/bluetooth/api/classic/hfp.rst	connectivity	.. _bt_hfp:	Hands Free Profile (HFP) \| API Reference \| Hands Free Profile (HFP) Unit \| Hands Free Profile - Audio Gateway (HFP-AG)
connectivity/bluetooth/api/classic/l2cap_br.rst	connectivity	.. _bt_l2cap_br:	Bluetooth Logical Link Control and Adaptation Protocol (L2CAP) for BR/EDR \| ECHO Request/Response \| Registering ECHO Callbacks \| Sending ECHO Request \| Sending ECHO Response \| Connectionless Data Channel
connectivity/bluetooth/api/classic/rfcomm.rst	connectivity	.. _bt_rfcomm:	Serial Port Emulation (RFCOMM) \| API Reference
connectivity/bluetooth/api/classic/sdp.rst	connectivity	.. _bt_sdp:	Service Discovery Protocol (SDP) \| API Reference
connectivity/bluetooth/api/connection_mgmt.rst	connectivity	.. _bluetooth_connection_mgmt:	Connection Management \| API Reference
connectivity/bluetooth/api/controller.rst	connectivity	.. _bluetooth_controller:	Bluetooth Controller \| API Reference
connectivity/bluetooth/api/crypto.rst	connectivity	.. _bt_crypto:	Cryptography \| API Reference
connectivity/bluetooth/api/data_buffer.rst	connectivity	.. _bt_data_buffers:	Data Buffers \| API Reference
connectivity/bluetooth/api/gap.rst	connectivity	.. _bt_gap:	Generic Access Profile (GAP) \| API Reference
connectivity/bluetooth/api/gatt.rst	connectivity	.. _bt_gatt:	Generic Attribute Profile (GATT) \| API Reference \| GATT Server \| GATT Client
connectivity/bluetooth/api/hci.txt	connectivity	Zephyr HCI Extensions	Zephyr HCI Extensions \| Introduction \| Zephyr Vendor Configuration Parameters \| Zephyr Vendor Supported Commands \| Zephyr Vendor Supported Features \| Zephyr Vendor Event Mask
connectivity/bluetooth/api/hci_drivers.rst	connectivity	.. _bt_hci_drivers:	HCI Drivers \| API Reference
connectivity/bluetooth/api/hci_raw.rst	connectivity	.. _bt_hci_raw:	HCI RAW channel \| Overview \| API Reference
connectivity/bluetooth/api/index.rst	connectivity	.. _bluetooth_api:	API \| Bluetooth Classic Host and profiles \| Bluetooth LE Audio \| Bluetooth LE Host \| Bluetooth Mesh \| Core Host and drivers
connectivity/bluetooth/api/l2cap.rst	connectivity	.. _bt_l2cap:	Logical Link Control and Adaptation Protocol (L2CAP) \| Fixed Channels \| Client Channels \| API Reference
connectivity/bluetooth/api/mesh.rst	connectivity	.. _bluetooth_mesh:	Bluetooth Mesh Profile
connectivity/bluetooth/api/mesh/access.rst	connectivity	.. _bluetooth_mesh_access:	Access layer \| Mesh models \| Opcode list \| AppKey list \| Subscription list \| Model publication
connectivity/bluetooth/api/mesh/blob.rst	connectivity	.. _bluetooth_mesh_blob:	BLOB Transfer models \| Concepts \| BLOBs \| Blocks \| Chunks \| BLOB streams
connectivity/bluetooth/api/mesh/blob_cli.rst	connectivity	.. _bluetooth_mesh_blob_cli:	BLOB Transfer Client \| Usage \| Initialization \| Transfer context \| Group address \| Transfer timeout
connectivity/bluetooth/api/mesh/blob_flash.rst	connectivity	.. _bluetooth_mesh_blob_flash:	BLOB Flash \| BLOB Flash Reader \| BLOB Flash Writer \| API Reference
connectivity/bluetooth/api/mesh/blob_srv.rst	connectivity	.. _bluetooth_mesh_blob_srv:	BLOB Transfer Server \| BLOBs \| Usage \| Transfer suspension \| Transfer recovery \| API reference
connectivity/bluetooth/api/mesh/brg_cfg.rst	connectivity	.. _bluetooth_mesh_brg_cfg:	Subnet Bridge \| Concepts \| Subnet \| Subnet Bridge node \| Bridging Table \| Enabling or disabling the Subnet Bridge feature
connectivity/bluetooth/api/mesh/brg_cfg_cli.rst	connectivity	.. _bluetooth_mesh_models_brg_cfg_cli:	Bridge Configuration Client \| API reference
connectivity/bluetooth/api/mesh/brg_cfg_srv.rst	connectivity	.. _bluetooth_mesh_models_brg_cfg_srv:	Bridge Configuration Server \| API reference
connectivity/bluetooth/api/mesh/cdb_usage.rst	connectivity	.. _bluetooth_mesh_cdb_usage:	Configuration Database (CDB) \| Overview \| Key features \| Configuration options \| Data Structures \| Node structure
connectivity/bluetooth/api/mesh/cfg.rst	connectivity	.. _bluetooth_mesh_cfg:	Runtime Configuration \| API reference
connectivity/bluetooth/api/mesh/cfg_cli.rst	connectivity	.. _bluetooth_mesh_models_cfg_cli:	Configuration Client \| API reference
connectivity/bluetooth/api/mesh/cfg_srv.rst	connectivity	.. _bluetooth_mesh_models_cfg_srv:	Configuration Server \| API reference
connectivity/bluetooth/api/mesh/core.rst	connectivity	.. _bluetooth_mesh_core:	Core \| Low Power Node \| Replay Protection List \| Persistent storage \| Work item execution context \| Advertisement identity
connectivity/bluetooth/api/mesh/dfd_srv.rst	connectivity	.. _bluetooth_mesh_dfd_srv:	Firmware Distribution Server \| Firmware slots \| API reference
connectivity/bluetooth/api/mesh/dfu.rst	connectivity	.. _bluetooth_mesh_dfu:	Device Firmware Update (DFU) \| Overview \| DFU roles \| Stages \| Firmware images \| Firmware effect
connectivity/bluetooth/api/mesh/dfu_cli.rst	connectivity	.. _bluetooth_mesh_dfu_cli:	Firmware Update Client \| API reference
connectivity/bluetooth/api/mesh/dfu_srv.rst	connectivity	.. _bluetooth_mesh_dfu_srv:	Firmware Update Server \| Firmware images \| Receiving transfers \| Transfer check \| Composition Data and Models Metadata \| Start
connectivity/bluetooth/api/mesh/health_cli.rst	connectivity	.. _bluetooth_mesh_models_health_cli:	Health Client \| API reference
connectivity/bluetooth/api/mesh/health_srv.rst	connectivity	.. _bluetooth_mesh_models_health_srv:	Health Server \| Faults \| Attention state \| API reference \| Health faults
connectivity/bluetooth/api/mesh/heartbeat.rst	connectivity	.. _bluetooth_mesh_heartbeat:	Heartbeat \| Heartbeat messages \| Heartbeat publication \| Heartbeat subscription \| API reference
connectivity/bluetooth/api/mesh/lcd_cli.rst	connectivity	.. _bluetooth_mesh_lcd_cli:	Large Composition Data Client \| API reference
connectivity/bluetooth/api/mesh/lcd_srv.rst	connectivity	.. _bluetooth_mesh_lcd_srv:	Large Composition Data Server \| Models metadata \| API reference
connectivity/bluetooth/api/mesh/models.rst	connectivity	.. _bluetooth_mesh_models:	Mesh models \| Foundation models \| Model specification models
connectivity/bluetooth/api/mesh/msg.rst	connectivity	.. _bluetooth_mesh_msg:	Message \| API reference
connectivity/bluetooth/api/mesh/od_cli.rst	connectivity	.. _bluetooth_mesh_od_cli:	On-Demand Private Proxy Client \| Configurations \| API reference
connectivity/bluetooth/api/mesh/od_srv.rst	connectivity	.. _bluetooth_mesh_od_srv:	On-Demand Private Proxy Server \| API reference
connectivity/bluetooth/api/mesh/op_agg_cli.rst	connectivity	.. _bluetooth_mesh_models_op_agg_cli:	Opcodes Aggregator Client \| API reference
connectivity/bluetooth/api/mesh/op_agg_srv.rst	connectivity	.. _bluetooth_mesh_models_op_agg_srv:	Opcodes Aggregator Server \| API reference
connectivity/bluetooth/api/mesh/priv_beacon_cli.rst	connectivity	.. _bluetooth_mesh_models_priv_beacon_cli:	Private Beacon Client \| API reference
connectivity/bluetooth/api/mesh/priv_beacon_srv.rst	connectivity	.. _bluetooth_mesh_models_priv_beacon_srv:	Private Beacon Server \| API reference
connectivity/bluetooth/api/mesh/provisioning.rst	connectivity	.. _bluetooth_mesh_provisioning:	Provisioning \| The Provisioning process \| Beaconing \| Uniform Resource Identifier \| Provisioning invitation \| Public key exchange
connectivity/bluetooth/api/mesh/proxy.rst	connectivity	.. _bt_mesh_proxy:	Proxy \| Private Proxy \| Proxy Solicitation \| API reference
connectivity/bluetooth/api/mesh/rpr_cli.rst	connectivity	.. _bluetooth_mesh_models_rpr_cli:	Remote Provisioning Client \| Scanning \| Provisioning \| Re-provisioning \| API reference
connectivity/bluetooth/api/mesh/rpr_srv.rst	connectivity	.. _bluetooth_mesh_models_rpr_srv:	Remote Provisioning Server \| How to integrate the model into an application \| Limitations \| API reference
connectivity/bluetooth/api/mesh/sar_cfg.rst	connectivity	.. _bluetooth_mesh_sar_cfg:	Segmentation and reassembly (SAR) \| Segmentation and reassembly (SAR) Configuration models \| SAR states \| SAR Segment Interval Step \| SAR Unicast Retransmissions Count \| SAR Unicast Retransmissions Without Progress Count
connectivity/bluetooth/api/mesh/sar_cfg_cli.rst	connectivity	.. _bluetooth_mesh_sar_cfg_cli:	SAR Configuration Client \| API reference
connectivity/bluetooth/api/mesh/sar_cfg_srv.rst	connectivity	.. _bluetooth_mesh_sar_cfg_srv:	SAR Configuration Server \| API reference
connectivity/bluetooth/api/mesh/shell.rst	connectivity	.. _bluetooth_mesh_shell:	Bluetooth Mesh Shell \| Prerequisites \| Application \| Basic usage \| Provisioning \| Configuration
connectivity/bluetooth/api/mesh/srpl_cli.rst	connectivity	.. _bluetooth_mesh_srpl_cli:	Solicitation PDU RPL Configuration Client \| Configurations \| API reference
connectivity/bluetooth/api/mesh/srpl_srv.rst	connectivity	.. _bluetooth_mesh_srpl_srv:	Solicitation PDU RPL Configuration Server \| Configurations \| API reference
connectivity/bluetooth/api/mesh/statistic.rst	connectivity	.. _bluetooth_mesh_stat:	Frame statistic \| API reference
connectivity/bluetooth/api/services.rst	connectivity	.. _bluetooth_services:	Bluetooth standard services \| Battery Service \| Current Time Service \| Elapsed Time Service \| Heart Rate Service \| Immediate Alert Service
connectivity/bluetooth/api/uuid.rst	connectivity	.. _bt_uuid_api:	Universal Unique Identifiers (UUIDs) \| API Reference
connectivity/bluetooth/autopts/autopts-linux.rst	connectivity	.. _autopts-linux:	AutoPTS on Linux \| Setup Linux \| Setup Windows 10/11 virtual machine \| Update Windows \| Setup NAT \| VirtualBox
connectivity/bluetooth/autopts/autopts-win10.rst	connectivity	.. _autopts-win10:	AutoPTS on Windows 10 with nRF52 board \| Update Windows and drivers \| Install Python 3 \| Install Git \| Install PTS 8 \| Setup Zephyr project for Windows
connectivity/bluetooth/bluetooth-arch.rst	connectivity	.. _bluetooth-arch:	Stack Architecture \| Overview \| Bluetooth LE Layers \| Host Controller Interface \| Configurations \| Build Types
connectivity/bluetooth/bluetooth-ctlr-arch.rst	connectivity	.. _bluetooth-ctlr-arch:	LE Controller \| Overview \| Architecture \| Execution Overview \| Architecture Overview \| Scheduling
connectivity/bluetooth/bluetooth-dev.rst	connectivity	.. _bluetooth-dev:	Application Development \| Thread safety \| Hardware setup \| Embedded \| Host on Linux with an external Controller \| QEMU
connectivity/bluetooth/bluetooth-le-host.rst	connectivity	.. _bluetooth_le_host:	LE Host \| Peripheral role \| Central role \| Observer role \| Broadcaster role \| Connections
connectivity/bluetooth/bluetooth-qual.rst	connectivity	.. _bluetooth-qual:	Qualification \| Qualification setup \| ICS Features
connectivity/bluetooth/bluetooth-shell.rst	connectivity	.. _bluetooth_shell:	Shell \| Bluetooth Shell Setup and Usage \| Logging
connectivity/bluetooth/bluetooth-tools.rst	connectivity	.. _bluetooth-tools:	Tools \| Mobile applications \| Using BlueZ with Zephyr \| Running on QEMU or native_sim \| Using the Host System Bluetooth Controller \| Using a Zephyr-based Bluetooth Controller
connectivity/bluetooth/features.rst	connectivity	.. _bluetooth-features:	Supported features
connectivity/bluetooth/index.rst	connectivity	.. _bluetooth:	Bluetooth
connectivity/bluetooth/shell/audio/bap.rst	connectivity	.. _bluetooth_shell_audio:	Bluetooth: Basic Audio Profile Shell \| Commands \| Example Central \| Example Peripheral \| Example Broadcast Source \| Example Broadcast Sink
connectivity/bluetooth/shell/audio/bap_broadcast_assistant.rst	connectivity	Bluetooth: Basic Audio Profile: Broadcast Assistant Shell	Bluetooth: Basic Audio Profile: Broadcast Assistant Shell \| Example usage \| Setup \| When connected \| Start scanning for periodic advertisements for a server: \| Adding a source to the receive state with add_src:
connectivity/bluetooth/shell/audio/bap_scan_delegator.rst	connectivity	Bluetooth: Basic Audio Profile: Scan Delegator Shell	Bluetooth: Basic Audio Profile: Scan Delegator Shell \| Example Usage \| Setup \| Adding a source \| Adding a source from a PA sync \| When connected
connectivity/bluetooth/shell/audio/cap.rst	connectivity	Bluetooth: Common Audio Profile Shell	Bluetooth: Common Audio Profile Shell \| CAP Acceptor \| Using the CAP Acceptor \| Setting a new SIRK \| Getting the current SIRK \| CAP Initiator
connectivity/bluetooth/shell/audio/ccp.rst	connectivity	Bluetooth: Call Control Profile Shell	Bluetooth: Call Control Profile Shell \| Call Control Server \| Using the Call Control Server \| Example Usage \| Setup \| Setting and getting the bearer name
connectivity/bluetooth/shell/audio/csip.rst	connectivity	Bluetooth: Coordinated Set Identification Profile Shell	Bluetooth: Coordinated Set Identification Profile Shell \| Set Coordinator (Client) \| Using the Set Coordinator \| Example usage \| Setup \| When connected
connectivity/bluetooth/shell/audio/gmap.rst	connectivity	Bluetooth: Gaming Audio Profile Shell	Bluetooth: Gaming Audio Profile Shell \| Using the GMAP Shell \| Example Central with GMAP UGT role
connectivity/bluetooth/shell/audio/mcp.rst	connectivity	Bluetooth: Media Control Profile Shell	Bluetooth: Media Control Profile Shell \| Overview \| Media Control Client (MCP) \| Using the media control client \| Example usage \| Setup
connectivity/bluetooth/shell/audio/pbp.rst	connectivity	Bluetooth: Public Broadcast Profile Shell	Bluetooth: Public Broadcast Profile Shell \| Using the PBP Shell
connectivity/bluetooth/shell/audio/tbs.rst	connectivity	Bluetooth: Telephone Bearer Service Shell	Bluetooth: Telephone Bearer Service Shell \| Telephone Bearer Service Client \| Using the telephone bearer service client \| Example usage \| Setup \| When connected
connectivity/bluetooth/shell/audio/tmap.rst	connectivity	Bluetooth: Telephone and Media Audio Profile Shell	Bluetooth: Telephone and Media Audio Profile Shell \| Using the TMAP Shell
connectivity/bluetooth/shell/classic/a2dp.rst	connectivity	Bluetooth: A2DP Shell	Bluetooth: A2DP Shell \| A2DP Connection \| Basic A2DP Operations \| Abort Operation \| Get Configuration and Reconfigure Operation
connectivity/bluetooth/shell/classic/avrcp.rst	connectivity	Bluetooth: Classic: AVRCP Shell	Bluetooth: Classic: AVRCP Shell \| Prerequisites \| Commands \| Basic AVRCP Operations \| AVRCP Connection \| Control Connection
connectivity/bluetooth/shell/classic/goep.rst	connectivity	Bluetooth: Classic: GOEP Shell	Bluetooth: Classic: GOEP Shell \| Commands \| Connect GOEP Transport \| Disconnect GOEP transport \| Connect to OBEX Server \| Disconnect from OBEX Server
connectivity/bluetooth/shell/classic/hfp.rst	connectivity	Bluetooth: Classic: HFP Shell	Bluetooth: Classic: HFP Shell \| Commands \| HFP AG SLC \| HFP HF SLC \| Call outgoing \| Call incoming
connectivity/bluetooth/shell/classic/l2cap.rst	connectivity	Bluetooth: Classic: L2CAP Shell	Bluetooth: Classic: L2CAP Shell \| Commands \| Connection-oriented L2CAP \| L2CAP echo \| Connectionless L2CAP
connectivity/bluetooth/shell/classic/rfcomm.rst	connectivity	Bluetooth: Classic: RFCOMM Shell	Bluetooth: Classic: RFCOMM Shell \| Commands \| Connect \| Send Data \| Disconnect
connectivity/bluetooth/shell/host/gap.rst	connectivity	Bluetooth: GAP Shell	Bluetooth: GAP Shell \| Identities \| Scan for devices \| Connecting to a device \| Advertising \| Directed Advertising
connectivity/bluetooth/shell/host/gatt.rst	connectivity	Bluetooth: GATT Shell	Bluetooth: GATT Shell
connectivity/bluetooth/shell/host/iso.rst	connectivity	Bluetooth: Isochronous Channels Shell	Bluetooth: Isochronous Channels Shell \| Commands \| Unicast examples \| Broadcast examples \| Setting up broadcaster \| Setting up sync receiver
connectivity/bluetooth/shell/host/l2cap.rst	connectivity	Bluetooth: L2CAP Shell	Bluetooth: L2CAP Shell
connectivity/canbus/index.rst	connectivity	.. _canbus:	Controller Area Network (CAN) Bus Protocols
connectivity/canbus/isotp.rst	connectivity	.. _can_isotp:	ISO-TP Transport Protocol \| Overview \| API Reference
connectivity/index.rst	connectivity	.. _connectivity:	Connectivity
connectivity/lora_lorawan/index.rst	connectivity	.. _lora_api:	LoRa and LoRaWAN \| Overview \| Configuration Options \| LoRa PHY \| LoRaWAN \| API Reference
connectivity/modbus/index.rst	connectivity	.. _modbus:	Modbus \| Samples \| API Reference
connectivity/networking/api/8021Qav.rst	connectivity	.. _8021Qav:	IEEE 802.1Qav \| Overview \| Enabling 802.1Qav \| Configuring 802.1Qav
connectivity/networking/api/apis.rst	connectivity	.. _net_apis:	Network APIs
connectivity/networking/api/buf_mgmt.rst	connectivity	.. _net_buf_mgmt:	Network Packet Management
connectivity/networking/api/capture.rst	connectivity	.. _net_capture_interface:	Network Packet Capture \| Overview \| Cooked Mode Capture \| Sample usage \| API Reference
connectivity/networking/api/coap.rst	connectivity	.. _coap_sock_interface:	CoAP \| Overview \| Sample Usage \| CoAP Server \| CoAP Client \| Testing
connectivity/networking/api/coap_client.rst	connectivity	.. _coap_client_interface:	CoAP client \| Overview \| Sample Usage \| API Reference
connectivity/networking/api/coap_server.rst	connectivity	.. _coap_server_interface:	CoAP server \| Overview \| Setup \| Sample Usage \| Observable resources \| CoAP Events
connectivity/networking/api/dhcpv4.rst	connectivity	.. _dhcpv4_interface:	DHCPv4 \| Overview \| Sample usage \| API Reference
connectivity/networking/api/dhcpv6.rst	connectivity	.. _dhcpv6_interface:	DHCPv6 \| Overview \| API Reference
connectivity/networking/api/dns_resolve.rst	connectivity	.. _dns_resolve_interface:	DNS Resolve \| Overview \| Sample usage \| API Reference
connectivity/networking/api/ethernet.rst	connectivity	.. _ethernet_interface:	Ethernet \| Overview \| API Reference
connectivity/networking/api/ethernet_mgmt.rst	connectivity	.. _ethernet_mgmt_interface:	Ethernet Management \| Overview \| API Reference
connectivity/networking/api/ftp_client.rst	connectivity	.. _ftp_client_interface:	FTP client \| Overview \| Protocols \| Limitations \| API Reference
connectivity/networking/api/gptp.rst	connectivity	.. _gptp_interface:	generic Precision Time Protocol (gPTP) \| Overview \| Supported features \| Supported hardware \| Enabling the stack \| Application interfaces
connectivity/networking/api/http_client.rst	connectivity	.. _http_client_interface:	HTTP Client \| Overview \| Sample Usage \| API Reference
connectivity/networking/api/http_server.rst	connectivity	.. _http_server_interface:	HTTP Server \| Overview \| Server Setup \| Sample Usage \| Services \| Per-service configuration
connectivity/networking/api/ieee802154.rst	connectivity	.. _ieee802154_interface:	IEEE 802.15.4 \| Introduction \| Supported Drivers \| API Reference \| IEEE 802.15.4 API Overview \| IEEE 802.15.4 Management API
connectivity/networking/api/index.rst	connectivity	.. _networking_api:	Networking APIs
connectivity/networking/api/ip_4_6.rst	connectivity	.. _ip_4_6_interface:	IPv4/IPv6 Primitives and Helpers \| Overview \| API Reference
connectivity/networking/api/latmon.rst	connectivity	.. _latmon:	Latmon Network Service \| Overview \| API Reference \| Features \| Workflow \| Socket Creation
connectivity/networking/api/lldp.rst	connectivity	.. _lldp_interface:	Link Layer Discovery Protocol \| Overview \| API Reference
connectivity/networking/api/lwm2m.rst	connectivity	.. _lwm2m_interface:	Lightweight M2M (LWM2M) \| Overview \| Example LwM2M object and resources: Device \| Sample usage \| LwM2M security modes \| Multi-thread usage
connectivity/networking/api/mac_config.rst	connectivity	.. _mac_address_config:	MAC Address Configuration \| Driver integration \| Devicetree examples \| Static MAC address \| Random MAC address with prefix \| NVMEM-provided MAC address with prefix
connectivity/networking/api/mqtt.rst	connectivity	.. _mqtt_socket_interface:	MQTT \| Overview \| Sample usage \| Using MQTT with TLS \| API Reference
connectivity/networking/api/mqtt_sn.rst	connectivity	.. _mqtt_sn_socket_interface:	MQTT-SN \| Overview \| Sample usage \| Deviations from the standard \| API Reference
connectivity/networking/api/net_config.rst	connectivity	.. _net_config_interface:	Network Configuration Library \| Overview \| Sample usage \| API Reference
connectivity/networking/api/net_context.rst	connectivity	.. _net_context_interface:	Networking Context
connectivity/networking/api/net_core.rst	connectivity	.. _net_core_interface:	Network Core Helpers \| Overview \| API Reference
connectivity/networking/api/net_hostname.rst	connectivity	.. _net_hostname_interface:	Hostname Configuration \| Overview \| API Reference
connectivity/networking/api/net_if.rst	connectivity	.. _net_if_interface:	Network Interface \| Overview \| Network interface state management \| API Reference
connectivity/networking/api/net_l2.rst	connectivity	.. _net_l2_interface:	L2 Layer Management \| Overview \| L2 layer API \| Network Device drivers \| Ethernet device driver \| IEEE 802.15.4 device driver
connectivity/networking/api/net_linkaddr.rst	connectivity	.. _net_linkaddr_interface:	Link Layer Address Handling \| Overview \| API Reference
connectivity/networking/api/net_mgmt.rst	connectivity	.. _net_mgmt_interface:	Network Management \| Overview \| Requesting a defined procedure \| Listening to network events \| Defining a network management procedure \| Signaling a network event
connectivity/networking/api/net_offload.rst	connectivity	.. _net_offload_interface:	Network Traffic Offloading \| Network Offloading \| Overview \| API Reference \| Socket Offloading \| Overview
connectivity/networking/api/net_pkt.rst	connectivity	.. _net_pkt_interface:	Packet Management \| Overview \| Architectural notes \| Concurrency and Thread Safety \| Memory management \| Allocation
connectivity/networking/api/net_pkt_filter.rst	connectivity	.. _net_pkt_filter_interface:	Network Packet Filtering \| Overview \| Examples \| API Reference
connectivity/networking/api/net_shell.rst	connectivity	.. _net_shell:	Network Shell
connectivity/networking/api/net_stats.rst	connectivity	.. _net_stats_interface:	Network Statistics \| Overview \| API Reference
connectivity/networking/api/net_tech.rst	connectivity	.. _net_tech:	Networking Technologies
connectivity/networking/api/net_time.rst	connectivity	.. _net_time_interface:	Network time representation in the network stack \| API Reference
connectivity/networking/api/net_timeout.rst	connectivity	.. _net_timeout_interface:	Network Timeout \| Overview \| Use \| API Reference
connectivity/networking/api/ocpp.rst	connectivity	.. _ocpp_interface:	Open Charge Point Protocol (OCPP) \| Overview \| Sample usage \| API Reference
connectivity/networking/api/ppp.rst	connectivity	.. _ppp:	Point-to-Point Protocol (PPP) Support \| Overview \| Testing
connectivity/networking/api/promiscuous.rst	connectivity	.. _promiscuous_interface:	Promiscuous Mode \| Overview \| Sample usage \| API Reference
connectivity/networking/api/protocols.rst	connectivity	.. _net_protocols:	Protocols
connectivity/networking/api/ptp.rst	connectivity	.. _ptp_interface:	Precision Time Protocol (PTP) \| Overview \| Supported features \| Supported Management messages \| Enabling the stack \| Testing
connectivity/networking/api/ptp_time.rst	connectivity	.. _ptp_time_interface:	Precision Time Protocol (PTP) time format \| Overview \| API Reference
connectivity/networking/api/sntp.rst	connectivity	.. _sntp_interface:	Simple Network Time Protocol Library \| Overview \| API Reference
connectivity/networking/api/socket_service.rst	connectivity	.. _socket_service_interface:	Socket Services \| Overview \| API Description \| Application Overview \| API Reference
connectivity/networking/api/sockets.rst	connectivity	.. _bsd_sockets_interface:	BSD Sockets \| Overview \| Secure Sockets \| TLS credentials subsystem \| Secure Socket Creation \| Secure Sockets options
connectivity/networking/api/socks5.rst	connectivity	.. _socks5_interface:	SOCKS5 Proxy Support \| Overview \| SOCKS5 API \| SOCKS5 Proxy Usage in MQTT
connectivity/networking/api/system_mgmt.rst	connectivity	.. _net_system_mgmt:	Network System Management
connectivity/networking/api/tftp.rst	connectivity	.. _tftp_interface:	TFTP \| API Reference
connectivity/networking/api/thread.rst	connectivity	.. _thread_protocol_interface:	Thread protocol \| Overview \| Internet connectivity \| Sample usage \| Thread related APIs \| OpenThread Driver API
connectivity/networking/api/tls_credentials_shell.rst	connectivity	.. _tls_credentials_shell:	TLS Credentials Shell \| Commands \| Buffer Credential (``buf``) \| Usage \| Arguments \| Add Credential (``add``)
connectivity/networking/api/traffic-class.rst	connectivity	.. _traffic-class-support:	Traffic Classification \| Overview
connectivity/networking/api/trickle.rst	connectivity	.. _trickle_interface:	Trickle Timer Library \| Overview \| API Reference
connectivity/networking/api/tsn.rst	connectivity	.. _net_tsn:	Time Sensitive Networking
connectivity/networking/api/vlan.rst	connectivity	.. _vlan_interface:	Virtual LAN (VLAN) Support \| Overview \| API Reference
connectivity/networking/api/websocket.rst	connectivity	.. _websocket_interface:	Websocket Client API \| Overview \| Websocket Transport \| API Reference
connectivity/networking/api/wifi.rst	connectivity	.. _wifi_mgmt:	Wi-Fi Management \| Overview \| Compiled Features \| Wi-Fi PSA crypto supported build \| Wi-Fi feature to crypto mapping \| Wi-Fi Enterprise test: X.509 Certificate management
connectivity/networking/api/wifi_credentials.rst	connectivity	.. _lib_wifi_credentials:	Wi-Fi credentials Library \| Overview \| Configuration \| Adding credentials \| Querying credentials \| Removing credentials
connectivity/networking/api/wifi_crypto.rst	connectivity	.. _wifi_crypto_mapping:	Wi-Fi feature to crypto mapping \| Feature set (from hostap Kconfig) \| Feature → crypto primitives (MbedTLS) \| Summary: Legacy vs PSA (MbedTLS backend)
connectivity/networking/api/zperf.rst	connectivity	.. _zperf:	zperf: Network Traffic Generator \| Overview \| Sample Usage \| Session Management \| Custom Data Upload \| Raw TX Mode
connectivity/networking/armfvp_user_networking_setup.rst	connectivity	.. _networking_with_armfvp:	Networking with Arm FVP User Mode \| Introduction \| Using Arm FVP User Mode Networking with Zephyr \| Limitations
connectivity/networking/conn_mgr/implementation.rst	connectivity	.. _conn_mgr_impl:	Connectivity Implementations \| Overview \| Architecture \| Context Pointer \| Defining an implementation \| Declaring an implementation publicly
connectivity/networking/conn_mgr/index.rst	connectivity	.. _conn_mgr_docs:	Connection Manager
connectivity/networking/conn_mgr/main.rst	connectivity	.. _conn_mgr_overview:	Overview \| Structure \| Connectivity monitoring \| Usage \| Avoiding missed notifications \| Ignoring ifaces
connectivity/networking/dsa.rst	connectivity	.. _dsa:	Distributed Switch Architecture (DSA) \| DSA switch TX/RX process \| Host interface \| Switch interface \| Switch tagging protocols \| Networking stack process
connectivity/networking/eth_bridge_native_sim_setup.rst	connectivity	.. _networking_with_native_sim_eth_bridge:	Ethernet bridge with native_sim board
connectivity/networking/index.rst	connectivity	.. _networking:	Networking
connectivity/networking/native_sim_setup.rst	connectivity	.. _networking_with_native_sim:	Networking with native_sim board \| Using virtual/TAP Ethernet driver \| Prerequisites \| Basic Setup \| Step 1 - Create Ethernet interface \| Step 2 - Start app in native_sim board
connectivity/networking/net-stack-architecture.rst	connectivity	.. _network_stack_architecture:	Network Stack Architecture \| High level overview of the network stack \| Network data flow \| Data receiving (RX) \| Data sending (TX) \| Network packet processing statistics
connectivity/networking/net_config_guide.rst	connectivity	.. _network_configuration_guide:	Network Configuration Guide \| Network Buffer Configuration Options \| Connection Options \| Socket Options \| TLS Options \| IPv4/6 Options
connectivity/networking/net_pkt_processing_stats.rst	connectivity	.. _net_pkt_processing_stats:	Network Packet Processing Statistics
connectivity/networking/network_monitoring.rst	connectivity	.. _network_monitoring:	Monitor Network Traffic \| Host Configuration \| Zephyr Configuration \| Wireshark Configuration
connectivity/networking/network_tracing.rst	connectivity	.. _network_tracing:	Network Tracing
connectivity/networking/networking_with_host.rst	connectivity	.. _networking_with_host:	Networking with the host system
connectivity/networking/networking_with_multiple_instances.rst	connectivity	.. _networking_with_multiple_instances:	Networking with multiple Zephyr instances \| Prerequisites \| Basic Setup \| Step 1 - Create configuration files \| Step 2 - Create Ethernet interfaces \| Step 3 - Setup network bridging
connectivity/networking/overview.rst	connectivity	.. _ip_stack_overview:	Overview \| Supported Features \| Source Tree Layout
connectivity/networking/qemu_802154_setup.rst	connectivity	.. _networking_with_ieee802154_qemu:	Networking with QEMU and IEEE 802.15.4 \| Basic Setup \| Step 1 - Compile and start echo-server \| Step 2 - Compile and start echo-client
connectivity/networking/qemu_eth_setup.rst	connectivity	.. _networking_with_eth_qemu:	Networking with QEMU Ethernet \| Prerequisites \| Basic Setup \| Step 1 - Create Ethernet interface \| Step 2 - Start app in QEMU board
connectivity/networking/qemu_setup.rst	connectivity	.. _networking_with_qemu:	Networking with QEMU \| Prerequisites \| Basic Setup \| Step 1 - Create helper socket \| Step 2 - Start TAP device routing daemon \| Step 3 - Start app in QEMU
connectivity/networking/qemu_user_setup.rst	connectivity	.. _networking_with_user_qemu:	Networking with QEMU User \| Introduction \| Using SLIRP with Zephyr \| Limitations
connectivity/networking/usbnet_setup.rst	connectivity	.. _usb_device_networking_setup:	USB Device Networking \| Basic Setup \| Choosing IP addresses \| Setting IPv4 address and routing \| Setting IPv6 address and routing \| Testing connection
connectivity/usb/api/hid.rst	connectivity	.. _usb_hid_common:	Human Interface Devices (HID) \| HID types reference \| HID items reference \| HID Mouse and Keyboard report descriptors
connectivity/usb/device/api/index.rst	connectivity	.. _usb_api:	USB device support APIs (deprecated)
connectivity/usb/device/api/usb_dc.rst	connectivity	.. _usb_dc_api:	USB device controller driver API (deprecated) \| API reference
connectivity/usb/device/api/usb_device.rst	connectivity	.. _usb_device_stack_api:	USB device stack API (deprecated) \| API reference
connectivity/usb/device/api/usb_device_bos.rst	connectivity	.. _usb_bos_api:	Binary Device Object Store (BOS) support API (deprecated) \| API reference
connectivity/usb/device/api/usb_device_hid.rst	connectivity	.. _usb_hid_device:	USB HID Class API (deprecated) \| API Reference
connectivity/usb/device/usb_device.rst	connectivity	.. _usb_device_stack:	USB device support (deprecated) \| Overview \| Supported USB classes \| Audio \| Bluetooth HCI USB transport layer \| CDC ACM
connectivity/usb/device_next/api/index.rst	connectivity	.. _usb_device_next_api:	USB device support APIs
connectivity/usb/device_next/api/uac2_device.rst	connectivity	.. _uac2_device:	Audio Class 2 device API \| API Reference
connectivity/usb/device_next/api/udc.rst	connectivity	.. _udc_api:	USB device controller (UDC) driver API \| API reference
connectivity/usb/device_next/api/usbd.rst	connectivity	.. _usbd_api:	USB device stack API \| API reference
connectivity/usb/device_next/api/usbd_dfu.rst	connectivity	.. _usbd_dfu:	USB DFU device API \| API Reference
connectivity/usb/device_next/api/usbd_hid_device.rst	connectivity	.. _usbd_hid_device:	HID device API \| API Reference
connectivity/usb/device_next/api/usbd_midi2.rst	connectivity	.. _usbd_midi2:	MIDI 2.0 Class device API \| API Reference
connectivity/usb/device_next/api/usbd_msc_device.rst	connectivity	.. _usbd_msc_device:	USB Mass Storage Class device API \| API Reference
connectivity/usb/device_next/cdc_acm.rst	connectivity	.. _usbd_cdc_acm:	USB device CDC ACM \| CDC ACM UART configuration \| CDC ACM UART as serial backend \| Using CDC ACM UART in the application \| Interrupt-driven UART API \| Polling UART API
connectivity/usb/device_next/usb_device.rst	connectivity	.. _usb_device_stack_next:	USB device support \| Overview \| Samples \| How to configure and enable USB device support \| USB Message notifications \| Built-in functions
connectivity/usb/device_next/vid_pid.rst	connectivity	.. _usbd_vid_pid:	USB Vendor and Product identifiers
connectivity/usb/host/api/index.rst	connectivity	.. _usb_host_api:	USB host support APIs
connectivity/usb/host/api/uhc.rst	connectivity	.. _uhc_api:	USB host controller (UHC) driver API \| Driver API reference
connectivity/usb/host/usbip.rst	connectivity	.. _usbip:	USB/IP protocol support \| Overview \| USB/IP with native_sim
connectivity/usb/index.rst	connectivity	.. _usb:	USB
connectivity/usb/pd/ucds.rst	connectivity	.. _usbc_api:	USB-C device stack \| Configuration options \| Implementing a Sink Type-C and Power Delivery USB-C device \| Implementing a Source Type-C and Power Delivery USB-C device \| Implementing a Dual Role Power (DRP) USB-C device \| API reference
contribute/bin_blobs.rst	contribute	.. _bin-blobs:	Binary Blobs \| Software license \| Hosting \| Fetching blobs \| Tainting \| Allowed types
contribute/coding_guidelines/index.rst	contribute	.. _coding_guidelines:	Coding Guidelines \| Main rules \| Additional rules \| Rule A.1: Conditional Compilation \| Rule A.2: Inclusive Language \| Rule A.3: Macro name collisions
contribute/contributor_expectations.rst	contribute	.. _contributor-expectations:	Contributor Expectations \| Defining Smaller PRs \| Multiple Commits on a Single PR \| Large Changes \| PR Requirements \| Workflow Suggestions That Help Reviewers
contribute/documentation/generation.rst	contribute	.. _zephyr_doc:	Documentation Generation \| Documentation overview \| Installing the documentation processors \| Documentation presentation theme \| Running the documentation processors \| Developer-mode Document Building
contribute/documentation/guidelines.rst	contribute	.. _doc_guidelines:	Documentation Guidelines \| Content Structure \| Tabs, spaces, and indenting \| Headings \| Lists \| Multi-column lists
contribute/external.rst	contribute	.. _external-contributions:	Contributing External Components \| Software License \| Merit \| Mode of integration \| Integration in the main tree \| Integration as a module
contribute/guidelines.rst	contribute	.. _contribute_guidelines:	Contribution Guidelines \| Prerequisites \| Licensing \| Components using other Licenses \| Copyright and License Notices \| Developer Certification of Origin (DCO)
contribute/index.rst	contribute	.. _contribute_to_zephyr:	Contributing to Zephyr \| General Guidelines \| Documentation \| Dealing with external components \| Need help along the way?
contribute/modifying_contributions.rst	contribute	.. _modifying_contributions:	Modifying Contributions made by other developers \| Scenarios \| Accepted policies
contribute/pr_lifecycle_policy.rst	contribute	.. _pr_lifecycle_policy:	Pull Request Lifecycle Policy \| Goals \| Scope \| Definitions \| Draft Pull Request Expectations \| Ready-for-Review Pull Request Expectations
contribute/proposals_and_rfcs.rst	contribute	.. _rfcs:	Proposals and RFCs
contribute/reviewer_expectations.rst	contribute	.. _reviewer-expectations:	Reviewer Expectations
contribute/style/cmake.rst	contribute	:orphan:	CMake Style Guidelines \| General Formatting \| Commands and Syntax \| Variable Naming \| Quoting \| Avoid Hardcoding Paths
contribute/style/code.rst	contribute	.. _general_code_style:	C Code and General Style Guidelines
contribute/style/devicetree.rst	contribute	.. _devicetree_style:	Devicetree Style Guidelines
contribute/style/doxygen.rst	contribute	.. _doxygen_style:	Doxygen Style Guidelines \| General Rules \| What to document \| Writing style \| Groups \| API Versioning
contribute/style/index.rst	contribute	.. _coding_style:	Coding Style Guidelines \| Style Tools \| Checkpatch \| clang-format \| dts-linter
contribute/style/kconfig.rst	contribute	.. _kconfig_style:	Kconfig Style Guidelines \| Basic Formatting Rules \| Symbol Naming and Structure \| Naming Conventions \| Examples \| Configuration Symbol Organization
contribute/style/kconfig_demo_complex.txt	contribute	# SPDX-FileCopyrightText: Copyright The Zephyr Project Contributors	SPDX-FileCopyrightText: Copyright The Zephyr Project Contributors \| SPDX-License-Identifier: Apache-2.0 \| Example of a components Kconfig file with one enabling symbol and two config symbols \| start-after-here \| Symbol to enable/disable the feature ("enabling symbol") \| Symbol to configure the behavior of the feature ("config symbol")
contribute/style/kconfig_demo_simple.txt	contribute	# SPDX-FileCopyrightText: Copyright The Zephyr Project Contributors	SPDX-FileCopyrightText: Copyright The Zephyr Project Contributors \| SPDX-License-Identifier: Apache-2.0 \| Example of a components Kconfig file with one enabling symbol \| start-after-here \| Symbol to enable/disable the feature ("enabling symbol")
contribute/style/kconfig_example_driver.txt	contribute	# SPDX-FileCopyrightText: Copyright The Zephyr Project Contributors	SPDX-FileCopyrightText: Copyright The Zephyr Project Contributors \| SPDX-License-Identifier: Apache-2.0 \| Examples of Kconfig symbols with prompt to enable drivers \| start-after-here
contribute/style/kconfig_example_sample.txt	contribute	# SPDX-FileCopyrightText: Copyright The Zephyr Project Contributors	SPDX-FileCopyrightText: Copyright The Zephyr Project Contributors \| SPDX-License-Identifier: Apache-2.0 \| Examples of Kconfig symbols for samples \| start-after-here
contribute/style/kconfig_example_sensor.txt	contribute	# SPDX-FileCopyrightText: Copyright The Zephyr Project Contributors	SPDX-FileCopyrightText: Copyright The Zephyr Project Contributors \| SPDX-License-Identifier: Apache-2.0 \| Examples of Kconfig symbols with prompt to enable sensor drivers \| start-after-here
contribute/style/kconfig_example_soc.txt	contribute	# SPDX-FileCopyrightText: Copyright The Zephyr Project Contributors	SPDX-FileCopyrightText: Copyright The Zephyr Project Contributors \| SPDX-License-Identifier: Apache-2.0 \| Examples of Kconfig symbols for SoCs \| start-after-here \| This assumes the following soc.yml file: \| family:
contribute/style/kconfig_example_test.txt	contribute	# SPDX-FileCopyrightText: Copyright The Zephyr Project Contributors	SPDX-FileCopyrightText: Copyright The Zephyr Project Contributors \| SPDX-License-Identifier: Apache-2.0 \| Examples of Kconfig symbols for tests \| start-after-here
contribute/style/naming.rst	contribute	.. _naming_conventions:	Naming conventions \| C Code naming conventions \| Public symbol prefixes
contribute/style/python.rst	contribute	.. _python_style:	Python Style Guidelines \| Ruff configuration \| Excluded files
develop/api/api_lifecycle.rst	develop	.. _api_lifecycle:	API Lifecycle \| Experimental \| Peripheral APIs (Hardware Related) \| Unstable \| Peripheral APIs (Hardware Related) \| Hardware Agnostic APIs
develop/api/design_guidelines.rst	develop	.. _design_guidelines:	API Design Guidelines \| Using Callbacks \| Examples \| Conditional Data and APIs \| Return Codes
develop/api/index.rst	develop	.. _api_status_and_guidelines:	API Status and Guidelines
develop/api/overview.rst	develop	.. _api_overview:	API Overview
develop/api/terminology.rst	develop	.. _api_terms:	API Terminology \| reschedule \| Details \| sleep \| Explanation \| no-wait
develop/api/vendor_interfaces_policy.rst	develop	.. _vendor_specific_api_policy:	Vendor-Specific API Placement Policy \| Overview \| Guiding Principles \| Decision Process \| Allowed Locations Summary
develop/application/index.rst	develop	.. _application:	Application Development \| Overview \| Application types \| Zephyr repository application \| Zephyr workspace application \| Zephyr freestanding application
develop/beyond-GSG.rst	develop	.. _beyond-gsg:	Beyond the Getting Started Guide \| Python and pip \| Advanced Platform Setup \| Install a Toolchain \| Updating the Zephyr SDK toolchain \| Cloning the Zephyr Repositories
develop/debug/index.rst	develop	.. _develop_debug:	Debugging \| Application Debugging \| GDB server \| GDB client \| Debugging \| Debug with Eclipse
develop/env_vars.rst	develop	.. _env_vars:	Environment Variables \| Setting Variables \| Option 1: Just Once \| Option 2: In all Terminals \| Option 3: Using ``zephyrrc`` files \| Zephyr Environment Scripts
develop/flash_debug/host-tools.rst	develop	.. _flash-debug-host-tools:	Flash & Debug Host Tools \| Black Magic Probe \| SAM Boot Assistant (SAM-BA) \| Typical flash layout and configuration \| Enabling SAM-BA runner \| Enabling BOSSAC on Windows Native [Experimental]
develop/flash_debug/index.rst	develop	.. _flashing_and_debugging:	Flashing and Hardware Debugging
develop/flash_debug/nordic_segger.rst	develop	:orphan:	Nordic nRF5x Segger J-Link \| Overview \| Segger J-Link Software Installation \| nRF5x Command-Line Tools Installation \| Flashing \| USB CDC ACM Serial Port Setup
develop/flash_debug/probes.rst	develop	.. _debug-probes:	Debug Probes \| NXP Onboard Debug Probes \| MCU-Link Onboard Debug Probe \| MCU-Link CMSIS-DAP Onboard Debug Probe \| MCU-Link JLink Onboard Debug Probe \| LPC-LINK2 Onboard Debug Probe
develop/getting_started/index.rst	develop	.. _getting_started:	Getting Started Guide \| Select and Update OS \| Install dependencies \| Get Zephyr and install Python dependencies \| Install the Zephyr SDK \| Build the Blinky Sample
develop/getting_started/installation_linux.rst	develop	.. _installation_linux:	Install Linux Host Dependencies \| Update Your Operating System \| Install Requirements and Dependencies \| CMake \| DTC (Device Tree Compiler) \| Python
develop/getting_started/installation_mac.rst	develop	.. _mac-setup-alts:	macOS alternative setup instructions \| Important note about Gatekeeper \| Additional notes for MacPorts users
develop/getting_started/installation_win.rst	develop	.. _win-setup-alts:	Windows alternative setup instructions \| Windows 10 WSL (Windows Subsystem for Linux)
develop/index.rst	develop	.. _developing_with_zephyr:	Developing with Zephyr
develop/languages/c/common_libc.rst	develop	.. _c_library_common:	Common C library code \| Time function \| Dynamic Memory Management
develop/languages/c/index.rst	develop	.. _language_c:	C Language Support \| Language Standards \| Standard Library \| Formatted Output \| Dynamic Memory Management
develop/languages/c/minimal_libc.rst	develop	.. _c_library_minimal:	Minimal libc \| Functions \| Formatted Output \| Dynamic Memory Management \| Error numbers
develop/languages/c/newlib.rst	develop	.. _c_library_newlib:	Newlib \| Types of Newlib \| Full Newlib \| Nano Newlib \| Formatted Output \| Dynamic Memory Management
develop/languages/c/picolibc.rst	develop	.. _c_library_picolibc:	Picolibc \| Picolibc Module \| Toolchain Picolibc \| Building Without Toolchain bundled Picolibc \| Formatted Output \| Printk, cbprintf and friends
develop/languages/cpp/index.rst	develop	.. _language_cpp:	C++ Language Support \| Enabling C++ Support \| Language Features \| Zephyr Minimal C++ Library \| C++ Standard Library \| Header files and incompatibilities between C and C++
develop/languages/index.rst	develop	.. _language_support:	Language Support
develop/languages/rust/index.rst	develop	.. _language_rust:	Rust Language Support \| Enabling Rust Support \| API Documentation
develop/manifest/external/arduino-core-api.rst	develop	.. _external_module_arduino_core_api:	Arduino Core API \| Introduction \| Understanding the Components \| Features Provided \| Usage with Zephyr \| Adding the Arduino Core API to a Zephyr Project
develop/manifest/external/cannectivity.rst	develop	.. _external_module_cannectivity:	CANnectivity USB to CAN adapter firmware \| Introduction \| Usage with Zephyr
develop/manifest/external/clutgen.rst	develop	.. _external_module_clutgen:	CLUTGen \| Introduction \| Usage with Zephyr \| Reference
develop/manifest/external/dtsh.rst	develop	.. _external_module_dtsh:	DTSh \| Introduction \| Usage with Zephyr \| The West command \| Reference
develop/manifest/external/edge-impulse.rst	develop	.. _external_module_edge_impulse:	Edge Impulse SDK for Zephyr \| Overview \| Adding the Module to Your Project \| Usage With Zephyr \| References
develop/manifest/external/emlearn.rst	develop	.. _external_module_emlearn:	emlearn \| Introduction \| Usage with Zephyr \| References
develop/manifest/external/greybus.rst	develop	.. _external_module_greybus:	Greybus \| Introduction \| Usage with Zephyr \| Reference
develop/manifest/external/grvl.rst	develop	.. _external_module_grvl:	grvl \| Introduction \| Usage with Zephyr \| Reference
develop/manifest/external/libcsp.rst	develop	.. _external_module_libcsp:	libcsp (Cubesat Space Protocol) \| Introduction \| Usage with Zephyr \| Reference
develop/manifest/external/libmpix.rst	develop	.. _external_module_libmpix:	libmpix \| Introduction \| Features \| Usage with Zephyr \| References
develop/manifest/external/lz4.rst	develop	.. _external_module_lz4:	LZ4 - Extremely fast compression \| Introduction \| Usage with Zephyr \| Reference
develop/manifest/external/memfault-firmware-sdk.rst	develop	.. _external_module_memfault_firmware_sdk:	memfault-firmware-sdk \| Introduction \| Usage with Zephyr \| Reference
develop/manifest/external/mender-mcu.rst	develop	.. _external_module_mender_mcu:	mender-mcu \| Introduction \| Requirements \| Usage with Zephyr \| References
develop/manifest/external/requests.rst	develop	.. _external_module_requests:	requests \| Introduction \| Usage with Zephyr \| References
develop/manifest/external/wolfmqtt.rst	develop	.. _external_module_wolfmqtt:	wolfMQTT \| Introduction \| Requirements \| Usage with Zephyr \| Reference
develop/manifest/external/wolfssh.rst	develop	.. _external_module_wolfssh:	wolfSSH \| Introduction \| Requirements \| Usage with Zephyr \| Reference
develop/manifest/external/wolfssl.rst	develop	.. _external_module_wolfssl:	wolfSSL \| Introduction \| Usage with Zephyr \| Reference
develop/manifest/external/wolftpm.rst	develop	.. _external_module_wolftpm:	wolfTPM \| Introduction \| Requirements \| Usage with Zephyr \| Sample Applications \| Configuration
develop/manifest/external/xedge.rst	develop	.. _external_module_xedge:	Xedge \| Introduction \| Usage with Zephyr \| References
develop/manifest/external/zenoh-pico.rst	develop	.. _external_module_zenoh_pico:	zenoh-pico \| Introduction \| Usage with Zephyr \| References
develop/manifest/external/zephelin.rst	develop	.. _external_module_zephelin:	Zephelin \| Introduction \| Usage With Zephyr \| References
develop/manifest/external/zscilib.rst	develop	.. _external_module_zscilib:	Zephyr Scientific Library (zscilib) \| Introduction \| Usage with Zephyr \| Running a sample application \| Running Unit Tests \| Reference
develop/manifest/external/zview.rst	develop	.. _external_module_zview:	ZView \| Introduction \| Usage with Zephyr \| Reference
develop/manifest/index.rst	develop	:orphan:	West Projects index
develop/modules.rst	develop	.. _modules:	Modules (External projects) \| Modules vs west projects \| Module Repositories \| Synchronizing with upstream \| Requirements for allowed practices \| Allowed practices
develop/optimizations/footprint.rst	develop	.. _footprint:	Optimizing for Footprint \| Stack Sizes \| Unused Peripherals \| Various Debug/Informational Options \| MPU/MMU Support
develop/optimizations/index.rst	develop	.. _optimizations:	Optimizations
develop/optimizations/tools.rst	develop	.. _optimization_tools:	Optimization Tools \| Footprint and Memory Usage \| Build Target: ram_report \| Build Target: rom_report \| Build Targets: ram_plot/rom_plot \| Build Target: puncover
develop/sca/clang.rst	develop	.. _clang:	Clang static analyzer support \| Installing clang analyzer \| Run clang static analyzer \| Configuring clang static analyzer
develop/sca/codechecker.rst	develop	.. _codechecker:	CodeChecker support \| Installing CodeChecker \| Building with CodeChecker \| Configuring CodeChecker \| Running twister with CodeChecker
develop/sca/coverity.rst	develop	.. _coverity:	Coverity \| Generating Build Data Files \| Result Analysis
develop/sca/cpptest.rst	develop	.. _cpptest:	Parasoft C/C++test support \| Generating Build Data Files \| Generating a report file
develop/sca/dtdoctor.rst	develop	.. _dtdoctor:	Devicetree diagnostics (``dtdoctor``) \| Using dtdoctor
develop/sca/eclair.rst	develop	.. _eclair:	ECLAIR support \| Prerequisites \| Running ECLAIR \| Configurations \| User-defined ruleset \| Generate additional report formats
develop/sca/gcc.rst	develop	.. _gcc:	GCC static analysis support \| Run GCC static analysis \| Configuring GCC static analyzer \| Latest version of the analyzer
develop/sca/iar_c_stat.rst	develop	.. _icstat:	IAR C-STAT support \| Installing IAR C-STAT \| Building with IAR C-STAT \| Configuring IAR C-STAT
develop/sca/index.rst	develop	.. _sca:	Static Code Analysis (SCA) \| SCA Tool infrastructure \| Native SCA Tool support
develop/sca/polyspace.rst	develop	.. _polyspace:	Polyspace support \| Installing \| Running \| Reviewing results \| Configuration
develop/sca/sparse.rst	develop	.. _sparse:	Sparse support \| Running with sparse
develop/test/benchmark.rst	develop	.. _ztest_benchmarking:	Benchmarking Framework \| Overview \| Configuration \| Usage \| Standard Benchmarks \| Timed Benchmarks
develop/test/bsim.rst	develop	.. _bsim:	BabbleSim \| BabbleSim and Zephyr \| Types of tests \| Tests without radio activity: bsim tests with twister \| Tests with radio activity \| Test coverage and BabbleSim
develop/test/coverage.rst	develop	.. _coverage:	Generating coverage reports \| Test coverage reports in embedded devices or QEMU \| Overview \| Details \| Steps to generate code coverage reports \| Coverage reports using the POSIX architecture
develop/test/index.rst	develop	.. _testing:	Testing
develop/test/pytest.rst	develop	.. _integration_with_pytest:	Integration with pytest test framework \| Introduction \| Integration with twister \| How to create a pytest test \| Passing extra arguments \| Fixtures
develop/test/twister.rst	develop	.. _twister_script:	Test Runner (Twister) \| Board Configuration \| Tests \| Devicetree Filtering Expressions \| Expressions \| Usage
develop/test/twister/twister_blackbox.rst	develop	.. _twister_blackbox:	Twister blackbox tests \| Basics \| Sample test file \| Comparison with CLI \| Other functionalities \| Decorators
develop/test/twister_statuses.rst	develop	.. _twister_statuses:	Twister Status \| What is a Twister Status? \| Possible Twister Statuses \| Case and Suite Status combinations \| Detailed explanation, per Suite Status
develop/test/ztest.rst	develop	.. _test-framework:	Test Framework \| Creating a test suite \| Adding tests to a suite \| Test fixtures \| Advanced features \| Test result expectations
develop/toolchains/arm_compiler_6.rst	develop	.. _toolchain_armclang:	Arm Compiler 6
develop/toolchains/arm_toolchain_for_embedded.rst	develop	.. _toolchain_atfe:	Arm Toolchain for Embedded (ATfE) \| Installation \| Toolchain settings
develop/toolchains/cadence_xcc.rst	develop	.. _toolchain_cadence_xcc:	Cadence Tensilica Xtensa C/C++ Compiler (XCC)
develop/toolchains/custom_cmake.rst	develop	.. _custom_cmake_toolchains:	Custom CMake Toolchains
develop/toolchains/designware_arc_mwdt.rst	develop	.. _toolchain_designware_arc_mwdt:	DesignWare ARC MetaWare Development Toolkit (MWDT)
develop/toolchains/gnu_arm_embedded.rst	develop	.. _toolchain_gnuarmemb:	GNU Arm Embedded
develop/toolchains/host.rst	develop	.. _host_toolchains:	Host Toolchains
develop/toolchains/iar_arm_toolchain.rst	develop	.. _toolchain_iar_arm:	IAR Arm Toolchain
develop/toolchains/index.rst	develop	.. _toolchains:	Toolchains
develop/toolchains/intel_oneapi_toolkit.rst	develop	.. _toolchain_intel_oneapi_toolkit:	Intel oneAPI Toolkit
develop/toolchains/other_x_compilers.rst	develop	.. _other_x_compilers:	Other Cross Compilers
develop/toolchains/zephyr_sdk.rst	develop	.. _toolchain_zephyr_sdk:	Zephyr SDK \| Supported architectures \| Installation bundle and variables \| Zephyr SDK version compatibility \| Zephyr SDK installation
develop/tools/clion.rst	develop	.. _clion_ide:	CLion \| Get CLion \| Initialize a new workspace \| Open the project in CLion \| Configure the toolchain and CMake profile \| Configure Zephyr parameters for debug
develop/tools/coccinelle.rst	develop	.. _coccinelle:	Coccinelle \| Getting Coccinelle \| Supplemental documentation \| Using Coccinelle on Zephyr \| Examples \| Coccinelle parallelization
develop/tools/index.rst	develop	.. _dev_tools:	Tools and IDEs
develop/tools/stm32cubeide.rst	develop	.. _stm32cube_ide:	STM32CubeIDE \| Project Setup \| Debugging only \| Troubleshooting
develop/tools/vscode.rst	develop	.. _vscode_ide:	Visual Studio Code \| Get VS Code \| Initialize a new workspace \| Open the project in VS Code \| Generate compile commands \| Configure the C/C++ extension
develop/tools/workbench_for_zephyr.rst	develop	.. _workbench_for_zephyr:	Workbench for Zephyr \| Key features \| Compatibility \| Getting started \| Install Runners \| Useful links
develop/west/alias.rst	develop	.. _west-aliases:	West aliases \| Examples
develop/west/basics.rst	develop	.. _west-basics:	Basics \| Example workspace \| Workspace concepts \| west init and west update \| ``west init`` basics \| ``west update`` basics
develop/west/build-flash-debug.rst	develop	.. _west-build-flash-debug:	Building, Flashing and Debugging \| Building: ``west build`` \| Basics \| Sysbuild (multi-domain builds) \| Examples \| Forcing CMake to Run Again
develop/west/built-in.rst	develop	.. _west-built-in-cmds:	Built-in commands \| west init \| west update \| Other project commands \| Other built-in commands
develop/west/config.rst	develop	.. _west-config:	Configuration \| West Configuration Files \| west config \| Built-in Configuration Options
develop/west/extensions.rst	develop	.. _west-extensions:	Extensions \| Disabling Extension Commands \| Adding a West Extension \| Step 1: Implement Your Command \| Step 2: Add or Update Your :file:`west-commands.yml` \| Step 3: Update Your Manifest
develop/west/index.rst	develop	.. _west:	West (Zephyr's meta-tool)
develop/west/install.rst	develop	.. _west-install:	Installing west \| Structure \| Enabling shell completion
develop/west/manifest.rst	develop	.. _west-manifests:	West Manifests \| Multiple Repository Model \| Manifest Files \| Remotes \| Projects \| Defaults
develop/west/release-notes.rst	develop	.. _west-release-notes:	West Release Notes \| v1.5.0 \| v1.4.0 \| v1.3.0 \| v1.2.0 \| v1.1.0
develop/west/sign.rst	develop	.. _west-sign:	Signing Binaries \| rimage \| silabs_commander
develop/west/troubleshooting.rst	develop	.. _west-troubleshooting:	Troubleshooting West \| ``west update`` fetching failures \| "'west' is not recognized as an internal or external command, operable program or batch file.' \| "invalid choice: 'build'" (or 'flash', etc.) \| "invalid choice: 'post-init'"
develop/west/west-apis.rst	develop	:orphan:	West APIs \| west.commands \| WestCommand \| Verbosity \| Exceptions \| west.configuration
develop/west/west-not-found.rst	develop	:orphan:	West APIs
develop/west/why.rst	develop	.. _west-history:	History and Motivation \| Requirements \| Rationale for a custom tool \| Multiple Git Repositories \| Design Constraints \| ``west update`` detached HEADs
develop/west/without-west.rst	develop	.. _no-west:	Using Zephyr without west \| Getting the Source \| Building applications \| Flashing and Debugging
develop/west/workspaces.rst	develop	.. _west-workspaces:	Workspaces \| The ``manifest-rev`` branch \| The ``refs/west/*`` Git refs \| Private repositories \| Fetching via HTTPS \| Fetching via SSH
develop/west/zephyr-cmds.rst	develop	.. _west-zephyr-ext-cmds:	Additional Zephyr extension commands \| Listing boards: ``west boards`` \| Shell completion scripts: ``west completion`` \| Installing CMake packages: ``west zephyr-export`` \| Software bill of materials: ``west spdx`` \| Working with binary blobs: ``west blobs``
glossary.rst	.	:orphan:	Glossary of Terms
hardware/arch/arc-support-status.rst	hardware	.. _hardware_arch_arc_support_status:	Zephyr support status on ARC processors \| Overview \| Support status \| Notes \| VPX Vector Registers \| Configuration Options
hardware/arch/arm-scmi.rst	hardware	.. _arm_scmi:	ARM System Control and Management Interface \| Overview \| What is SCMI? \| Agent, platform, protocol and transport \| Channels \| Messages
hardware/arch/arm_cortex_m.rst	hardware	.. _arm_cortex_m_developer_guide:	Arm Cortex-M Developer Guide \| Overview \| Key supported features \| Notes \| OS features \| Threads
hardware/arch/index.rst	hardware	.. _arch:	Architecture-related Guides
hardware/arch/risc-v.rst	hardware	Zephyr support status on RISC-V processors	Zephyr support status on RISC-V processors \| Overview \| User mode and PMP support \| ISA extensions \| SMP support
hardware/arch/semihost.rst	hardware	.. _semihost_guide:	Semihosting Guide \| Overview \| File Operations \| Additional Functionality \| API Reference
hardware/arch/x86.rst	hardware	.. _x86_developer_guide:	x86 Developer Guide \| Overview \| Virtual Memory \| Separate Virtual Address Space from Physical Address Space \| Specifying Additional Memory Mappings at Build Time
hardware/arch/xtensa.rst	hardware	.. _xtensa_developer_guide:	Xtensa Developer Guide \| Overview \| HiFi Audio Engine DSP \| Concepts \| No HiFi registers mode \| Unshared HiFi registers mode
hardware/barriers/index.rst	hardware	.. _barriers_api:	Barriers API
hardware/cache/config.rst	hardware	.. _cache_config:	Cache Control Configuration \| Cache API
hardware/cache/guide.rst	hardware	.. _cache_guide:	Caching Basics \| Globally Disabling the Data Cache \| Disabling Caching for a Memory Region \| Automatically Disabling Caching by Variable \| Runtime Cache Control \| Alignment
hardware/cache/index.rst	hardware	.. _cache:	Caching
hardware/emulator/bus_emulators.rst	hardware	.. _bus_emul:	External Bus and Bus Connected Peripherals Emulators \| Overview \| Concept \| Creating a Device Driver Emulator \| Available Emulators \| I2C Emulation features
hardware/emulator/index.rst	hardware	.. _emulators:	Zephyr's device emulators/simulators \| Overview \| Available Emulators
hardware/index.rst	hardware	.. _hardware_support:	Hardware Support
hardware/peripherals/adc.rst	hardware	.. _adc_api:	Analog-to-Digital Converter (ADC) \| Overview \| API Reference
hardware/peripherals/audio/codec.rst	hardware	.. _audio_codec_api:	Audio Codec \| Overview \| Configuration Options \| API Reference
hardware/peripherals/audio/dai.rst	hardware	.. _dai_api:	Digital Audio Interface (DAI) \| Overview \| Configuration Options \| API Reference
hardware/peripherals/audio/dmic.rst	hardware	.. _audio_dmic_api:	Digital Microphone (DMIC) \| Overview \| Configuration Options \| API Reference
hardware/peripherals/audio/i2s.rst	hardware	.. _i2s_api:	Inter-IC Sound (I2S) Bus \| Overview \| Configuration Options \| API Reference
hardware/peripherals/audio/index.rst	hardware	.. _audio_reference:	Audio
hardware/peripherals/auxdisplay.rst	hardware	.. _auxdisplay_api:	Auxiliary Display (auxdisplay) \| Overview \| Configuration Options \| API Reference
hardware/peripherals/bbram.rst	hardware	.. _bbram_api:	Battery Backed RAM (BBRAM) \| API Reference
hardware/peripherals/bc12.rst	hardware	.. _usb_bc12_api:	BC1.2 Devices (Experimental) \| Basic Operation \| Configuration Options \| API Reference
hardware/peripherals/biometrics.rst	hardware	.. _biometrics_api:	Biometrics \| Overview \| Configuration Options \| API Reference
hardware/peripherals/can/controller.rst	hardware	.. _can_api:	CAN Controller \| Overview \| Sending \| Receiving \| Setting the bitrate \| SocketCAN
hardware/peripherals/can/index.rst	hardware	.. _can:	Controller Area Network (CAN)
hardware/peripherals/can/shell.rst	hardware	.. _can_shell:	CAN Shell \| Overview \| Inspection \| Configuration \| Timing \| Mode
hardware/peripherals/can/transceiver.rst	hardware	.. _can_transceiver_api:	CAN Transceiver \| Overview \| CAN Transceiver API Reference
hardware/peripherals/charger.rst	hardware	.. _charger_api:	Chargers \| Basic Operation \| Initiating a Charge Cycle \| Properties \| API Reference
hardware/peripherals/clock_control.rst	hardware	.. _clock_control_api:	Clock Control \| Overview \| Configuration Options \| API Reference
hardware/peripherals/comparator.rst	hardware	.. _comparator_api:	Comparator \| Overview \| Configuration \| Power management \| Comparator shell \| API Reference
hardware/peripherals/coredump.rst	hardware	.. _coredump_device_api:	Coredump Device \| Overview \| Configuration Options \| API Reference
hardware/peripherals/counter.rst	hardware	.. _counter_api:	Counter \| Overview \| API Reference
hardware/peripherals/crc.rst	hardware	.. _crc_api:	Cyclic Redundancy Check (CRC) \| Overview \| Configuration Options \| API Reference
hardware/peripherals/dac.rst	hardware	.. _dac_api:	Digital-to-Analog Converter (DAC) \| Overview \| Configuration Options \| API Reference
hardware/peripherals/display/index.rst	hardware	.. _display_api:	Display \| MIPI Display Bus Interface (DBI) \| MIPI Display Serial Interface (DSI) \| API Reference \| Generic Display Interface \| MIPI Display Bus Interface (DBI)
hardware/peripherals/dma.rst	hardware	.. _dma_api:	Direct Memory Access (DMA) \| Overview \| Driver Implementation Expectations \| API Reference
hardware/peripherals/edac/ibecc.rst	hardware	.. _edac_ibecc:	In Band Error Correction Code (IBECC) \| Overview \| IBECC Configuration \| IBECC Logging \| Usage notes \| Configuration option
hardware/peripherals/edac/index.rst	hardware	.. _edac_api:	Error Detection And Correction (EDAC) \| Configuration option \| API Reference
hardware/peripherals/eeprom/api.rst	hardware	.. _eeprom_api:	EEPROM API \| Overview \| Configuration Options \| API Reference
hardware/peripherals/eeprom/index.rst	hardware	.. _eeprom:	Electrically Erasable Programmable Read-Only Memory (EEPROM) \| Overview
hardware/peripherals/eeprom/shell.rst	hardware	.. _eeprom_shell:	EEPROM Shell \| Overview \| EEPROM Size \| Writing Data \| Reading Data
hardware/peripherals/entropy.rst	hardware	.. _entropy_api:	Entropy \| Overview \| API Reference
hardware/peripherals/espi.rst	hardware	.. _espi_api:	Enhanced Serial Peripheral Interface (eSPI) Bus \| Overview \| API Reference
hardware/peripherals/flash.rst	hardware	.. _flash_api:	Flash \| Overview \| User API Reference \| Implementation interface API Reference
hardware/peripherals/fuel_gauge.rst	hardware	.. _fuel_gauge_api:	Fuel Gauge \| Basic Operation \| Properties \| Battery Cutoff \| Caching \| API Reference
hardware/peripherals/gnss.rst	hardware	.. _gnss_api:	GNSS (Global Navigation Satellite System) \| Overview \| Subsystem support \| Configuration Options \| Navigation Reference \| GNSS API Reference
hardware/peripherals/gpio.rst	hardware	.. _gpio_api:	General-Purpose Input/Output (GPIO) \| Overview \| Devicetree Configuration \| Basic Operation \| GPIO Hogs \| Configuration Options
hardware/peripherals/haptics.rst	hardware	.. _haptics_api:	Haptics \| Overview \| API Reference
hardware/peripherals/hwinfo.rst	hardware	.. _hwinfo_api:	Hardware Information \| Overview \| Configuration Options \| API Reference
hardware/peripherals/hwspinlock.rst	hardware	.. _hwspinlock_api:	Hardware Spinlocks (HWSPINLOCK) \| Overview \| API Reference
hardware/peripherals/i2c.rst	hardware	.. _i2c_api:	Inter-Integrated Circuit (I2C) Bus \| Overview \| I2C Controller API \| I2C Target API \| Configuration Options \| API Reference
hardware/peripherals/i2c_eeprom_target.rst	hardware	.. _i2c_eeprom_target_api:	I2C EEPROM Target \| Overview \| API Reference
hardware/peripherals/i3c.rst	hardware	.. _i3c_api:	Improved Inter-Integrated Circuit (I3C) Bus \| I3C Controller API \| In-Band Interrupt (IBI) \| Device Tree \| I3C Devices \| I\ :sup:`2`\ C Devices
hardware/peripherals/index.rst	hardware	.. _api_peripherals:	Peripherals
hardware/peripherals/ipm.rst	hardware	.. _ipm_api:	Inter-Processor Mailbox (IPM) \| Overview \| API Reference
hardware/peripherals/led.rst	hardware	.. _led_api:	Light-Emitting Diode (LED) \| Overview \| Configuration Options \| API Reference \| LED \| LED Strip
hardware/peripherals/mbox.rst	hardware	.. _mbox_api:	Multi-Channel Inter-Processor Mailbox (MBOX) \| Overview \| API Reference
hardware/peripherals/mdio.rst	hardware	.. _mdio_api:	Management Data Input/Output (MDIO) \| Overview \| API Reference
hardware/peripherals/mspi.rst	hardware	.. _mspi_api:	Multi-bit SPI Bus \| MSPI Controller API \| Transceive \| Device Tree \| Multi Peripheral \| Configuration Options
hardware/peripherals/opamp.rst	hardware	.. _opamp_api:	Operational Amplifier (OPAMP) \| Overview \| Configuration \| API Reference
hardware/peripherals/otp/api.rst	hardware	.. _otp_api:	OTP API \| Overview \| API implementation Reference \| Configuration Options
hardware/peripherals/otp/index.rst	hardware	.. _otp:	One Time Programmable (OTP) memory devices \| Overview
hardware/peripherals/pcie.rst	hardware	.. _pcie_api:	Peripheral Component Interconnect express Bus (PCIe) \| Overview \| API Reference
hardware/peripherals/peci.rst	hardware	.. _peci_api:	Platform Environment Control Interface (PECI) \| Overview \| Configuration Options \| API Reference
hardware/peripherals/ps2.rst	hardware	.. _ps2_api:	PS/2 \| Overview \| Configuration Options \| API Reference
hardware/peripherals/psi5.rst	hardware	.. _psi5_api:	Peripheral Sensor Interface (PSI5) \| Overview \| Configuration Options \| API Reference
hardware/peripherals/pwm.rst	hardware	.. _pwm_api:	Pulse Width Modulation (PWM) \| Overview \| API Reference
hardware/peripherals/regulators.rst	hardware	.. _regulator_api:	Regulators \| API Reference
hardware/peripherals/reset.rst	hardware	.. _reset_api:	Reset Controller \| Overview \| Configuration Options \| API Reference
hardware/peripherals/retained_mem.rst	hardware	.. _retained_mem_api:	Retained Memory \| Overview \| Configuration Options \| Mutex protection \| API Reference
hardware/peripherals/rtc.rst	hardware	.. _rtc_api:	Real-Time Clock (RTC) \| Overview \| Devicetree bindings \| Device driver design \| Driver init \| GPIO routed interrupts
hardware/peripherals/sdhc.rst	hardware	.. _sdhc_api:	Secure Digital (SD card) interface \| SD Host Controller (SDHC) \| Requests \| Host Controller I/O \| API Reference
hardware/peripherals/sensor/attributes.rst	hardware	.. _sensor-attribute:	Sensor Attributes
hardware/peripherals/sensor/channels.rst	hardware	.. _sensor-channel:	Sensor Channels
hardware/peripherals/sensor/device_tree.rst	hardware	Device Tree	Device Tree
hardware/peripherals/sensor/fetch_and_get.rst	hardware	.. _sensor-fetch-and-get:	Fetch and Get \| Polling \| Triggers
hardware/peripherals/sensor/index.rst	hardware	﻿.. _sensor:	Sensors \| Using Sensors \| Implementing Sensor Drivers \| Implementing Attributes \| Implementing Fetch and Get \| Implementing Read and Decode
hardware/peripherals/sensor/power_management.rst	hardware	Power Management	Power Management
hardware/peripherals/sensor/read_and_decode.rst	hardware	.. _sensor-read-and-decode:	Read and Decode \| Benefits over :ref:`sensor-fetch-and-get` \| Polling Read \| Polling Read with Multiple Sensors \| Streaming
hardware/peripherals/sensor/triggers.rst	hardware	.. _sensor-trigger:	Sensor Triggers
hardware/peripherals/sent.rst	hardware	.. _sent_api:	Single Edge Nibble Transmission (SENT) \| Overview \| Configuration Options \| API Reference
hardware/peripherals/smbus.rst	hardware	.. _smbus_api:	System Management Bus (SMBus) \| Overview \| SMBus Controller API \| Configuration Options \| API Reference
hardware/peripherals/spi.rst	hardware	.. _spi_api:	Serial Peripheral Interface (SPI) Bus \| Overview \| API Reference
hardware/peripherals/stepper/index.rst	hardware	.. _stepper_api:	Steppers \| Stepper API \| Stepper Motion Controller API \| Device Tree \| Driver Composition Scenarios \| Stepper Motion Controller API Test Suite
hardware/peripherals/stepper/individual_controller_driver.rst	hardware	.. _stepper-individual-controller-driver:	Individual Stepper Motion Controller and Driver
hardware/peripherals/stepper/integrated_controller_driver.rst	hardware	.. _stepper-integrated-controller-driver:	Integrated Stepper Motion Control and Driver
hardware/peripherals/tcpc.rst	hardware	.. _tcpc_api:	USB Type-C Port Controller (TCPC) \| Overview \| TCPC API \| Configuration Options \| API Reference
hardware/peripherals/tgpio.rst	hardware	.. _tgpio_api:	Time-aware General-Purpose Input/Output (TGPIO) \| Overview \| Configuration Options \| API Reference
hardware/peripherals/uart.rst	hardware	.. _uart_api:	Universal Asynchronous Receiver-Transmitter (UART) \| Overview \| Configuration Options \| API Reference \| Polling API \| Interrupt-driven API
hardware/peripherals/usbc_vbus.rst	hardware	.. _usbc_vbus_api:	USB-C VBUS \| Overview \| USB-C VBUS API \| Configuration Options \| API Reference
hardware/peripherals/video.rst	hardware	.. _video_api:	Video \| Basic Operation \| Video Device \| Endpoint \| Video Buffer \| Controls
hardware/peripherals/w1.rst	hardware	.. _w1_api:	1-Wire Bus \| Overview \| W1 Master API \| Configuration Options \| W1 Serial Driver \| API Reference
hardware/peripherals/watchdog.rst	hardware	.. _watchdog_api:	Watchdog \| Overview \| API Reference
hardware/peripherals/wuc.rst	hardware	.. _wuc_api:	Wakeup Controller (WUC) \| Overview \| Devicetree Configuration \| Basic Operation \| API Reference
hardware/pinctrl/index.rst	hardware	.. _pinctrl-guide:	Pin Control \| Introduction \| Pin control vs. GPIO \| State model \| Standard states \| Custom states
hardware/porting/arch.rst	hardware	.. _architecture_porting_guide:	Architecture Porting Guide \| Early Boot Sequence \| Early Boot Sequence Hooks \| Interrupt and Exception Handling \| Thread Context Switching \| Thread Creation and Termination
hardware/porting/board_porting.rst	hardware	.. _board_porting_guide:	Board Porting Guide \| Transition to the current hardware model \| Hardware support hierarchy \| Board terminology \| Make sure your SoC is supported \| Architecture
hardware/porting/index.rst	hardware	.. _porting:	Porting
hardware/porting/shields.rst	hardware	.. _shields:	Shields \| Shield activation \| Shield interfaces \| Arduino MKR \| Arduino Nano \| Arduino Uno R3
hardware/porting/soc_porting.rst	hardware	.. _soc_porting_guide:	SoC Porting Guide \| SoC Definitions \| Architecture \| Create your SoC directory \| Write your SoC YAML \| Write your SoC devicetree
hardware/virtualization/index.rst	hardware	.. _virtualization:	Virtualization
hardware/virtualization/virtio.rst	hardware	Virtual I/O (VIRTIO)	Virtual I/O (VIRTIO) \| Overview \| Concepts \| Configuration space \| Driver and device features \| Device-specific configuration
index-tex.rst	.	:orphan:	Zephyr Project Documentation
index.rst	.	..	Zephyr Project Documentation
introduction/index.rst	introduction	.. _introducing_zephyr:	Introduction \| Licensing \| Distinguishing Features \| Fundamental Terms and Concepts
kconfig.rst	.	:orphan:	Kconfig Search
kernel/cleanup.rst	kernel	.. _cleanup_api:	Scope-based Cleanup Helpers \| Overview \| Core Concepts \| Scoped Variables \| Scoped Guards \| Scoped Defers
kernel/code-relocation.rst	kernel	.. _code_data_relocation:	Code And Data Relocation \| Overview \| Details \| Additional Configurations \| Section Filtering \| NOKEEP flag
kernel/data_structures/dlist.rst	kernel	.. _dlist_api:	Double-linked List \| Double-linked List Internals \| Doubly-linked List API Reference
kernel/data_structures/index.rst	kernel	.. _data_structures:	Data Structures
kernel/data_structures/min_heap.rst	kernel	.. _min_heap_api:	Min-Heap Data Structure \| Heap Structure \| Use Cases \| Samples \| API Reference
kernel/data_structures/mpsc_lockfree.rst	kernel	.. _mpsc_lockfree:	Multi Producer Single Consumer Lock Free Queue \| API Reference
kernel/data_structures/mpsc_pbuf.rst	kernel	.. _mpsc_pbuf:	Multi Producer Single Consumer Packet Buffer \| Internals \| Usage
kernel/data_structures/rbtree.rst	kernel	.. _rbtree_api:	Balanced Red/Black Tree \| Tree Internals \| Red/Black Tree API Reference
kernel/data_structures/ring_buffers.rst	kernel	.. _ring_buffers_v2:	Ring Buffers \| Concepts \| Byte mode \| Data item mode \| Concurrency \| Internal Operation
kernel/data_structures/slist.rst	kernel	.. _slist_api:	Single-linked List \| Single-linked List Internals \| Flagged List \| Single-linked List API Reference \| Flagged List API Reference
kernel/data_structures/spsc_lockfree.rst	kernel	.. _spsc_lockfree:	Single Producer Single Consumer Lock Free Queue \| API Reference
kernel/data_structures/spsc_pbuf.rst	kernel	.. _spsc_pbuf:	Single Producer Single Consumer Packet Buffer
kernel/drivers/index.rst	kernel	.. _device_model_api:	Device Driver Model \| Introduction \| Standard Drivers \| Synchronous Calls \| Driver APIs \| Driver Data Structures
kernel/index.rst	kernel	.. _kernel:	Kernel
kernel/iterable_sections/index.rst	kernel	.. _iterable_sections_api:	Iterable Sections \| Usage \| API Reference
kernel/memory_management/demand_paging.rst	kernel	.. _memory_management_api_demand_paging:	Demand Paging \| Terminology \| Paging Statistics \| Eviction Algorithm \| Backing Store \| API Reference
kernel/memory_management/heap.rst	kernel	.. _heap_v2:	Memory Heaps \| Synchronized Heap Allocator \| Creating a Heap \| Allocating Memory \| Releasing Memory \| Low Level Heap Allocator
kernel/memory_management/index.rst	kernel	.. _memory_management_api:	Memory Management
kernel/memory_management/shared_multi_heap.rst	kernel	.. _memory_management_shared_multi_heap:	Shared Multi Heap \| Adding new attributes
kernel/memory_management/slabs.rst	kernel	.. _memory_slabs_v2:	Memory Slabs \| Concepts \| Internal Operation \| Implementation \| Defining a Memory Slab \| Allocating a Memory Block
kernel/memory_management/sys_mem_blocks.rst	kernel	.. _sys_mem_blocks:	Memory Blocks Allocator \| Concepts \| Internal Operation \| Memory Blocks Allocator \| Multi Memory Blocks Allocator Group \| Usage
kernel/memory_management/virtual_memory.rst	kernel	.. _memory_management_api_virtual_memory:	Virtual Memory \| Kconfigs \| Required \| Optional \| Memory Map Overview \| Virtual Memory Mappings
kernel/object_cores/index.rst	kernel	.. _object_cores_api:	Object Cores \| Object Core Concepts \| Object Core Statistics Concepts \| Implementation \| Defining a New Object Type \| Initializing a New Object Core
kernel/services/data_passing/fifos.rst	kernel	.. _fifos_v2:	FIFOs \| Concepts \| Implementation \| Defining a FIFO \| Writing to a FIFO \| Reading from a FIFO
kernel/services/data_passing/lifos.rst	kernel	.. _lifos_v2:	LIFOs \| Concepts \| Implementation \| Defining a LIFO \| Writing to a LIFO \| Reading from a LIFO
kernel/services/data_passing/mailboxes.rst	kernel	.. _mailboxes_v2:	Mailboxes \| Concepts \| Message Format \| Message Lifecycle \| Thread Compatibility \| Message Flow Control
kernel/services/data_passing/message_queues.rst	kernel	.. _message_queues_v2:	Message Queues \| Concepts \| Implementation \| Defining a Message Queue \| Writing to a Message Queue \| Reading from a Message Queue
kernel/services/data_passing/pipes.rst	kernel	.. _pipes_v2:	Pipes \| Concepts \| Implementation \| Writing to a Pipe \| Reading from a Pipe \| Resetting a Pipe
kernel/services/data_passing/queues.rst	kernel	.. _queues:	Queues \| Configuration Options \| API Reference
kernel/services/data_passing/stacks.rst	kernel	.. _stacks_v2:	Stacks \| Concepts \| Implementation \| Defining a Stack \| Pushing to a Stack \| Popping from a Stack
kernel/services/index.rst	kernel	.. _kernel_api:	Kernel Services \| Scheduling, Interrupts, and Synchronization \| Data Passing \| Memory Management \| Timing \| Other
kernel/services/interrupts.rst	kernel	.. _interrupts_v2:	Interrupts \| Concepts \| Multi-level Interrupt Handling \| Preventing Interruptions \| Zero Latency Interrupts \| Offloading ISR Work
kernel/services/other/atomic.rst	kernel	.. _atomic_v2:	Atomic Services \| Concepts \| Implementation \| Defining an Atomic Variable \| Manipulating an Atomic Variable \| Manipulating an Array of Atomic Variables
kernel/services/other/fatal.rst	kernel	.. _fatal:	Fatal Errors \| Software Errors Triggered in Source Code \| Runtime Assertions \| __ASSERT() \| __ASSERT_EVAL() \| __ASSERT_NO_MSG()
kernel/services/other/float.rst	kernel	.. _float_v2:	Floating Point Services \| Concepts \| No FP registers mode \| Unshared FP registers mode \| Shared FP registers mode \| ARM Cortex-M architecture (with the Floating Point Extension)
kernel/services/other/thread_local_storage.rst	kernel	.. _thread_local_storage:	Thread Local Storage (TLS) \| Configuration \| Declaring and Using Thread Local Variables
kernel/services/other/version.rst	kernel	.. _version:	Version \| API Reference
kernel/services/polling.rst	kernel	.. _polling_v2:	Polling API \| Concepts \| Implementation \| Using k_poll() \| Using k_poll_signal_raise() \| Suggested Uses
kernel/services/scheduling/index.rst	kernel	.. _scheduling_v2:	Scheduling \| Concepts \| Scheduling Algorithm \| Cooperative Time Slicing \| Preemptive Time Slicing \| Scheduler Locking
kernel/services/smp/smp.rst	kernel	.. _smp_arch:	Symmetric Multiprocessing \| Synchronization \| Spinlocks \| Legacy irq_lock() emulation \| CPU Mask \| SMP Boot Process
kernel/services/synchronization/condvar.rst	kernel	.. _condvar:	Condition Variables \| Concepts \| Implementation \| Defining a Condition Variable \| Waiting on a Condition Variable \| Signaling a Condition Variable
kernel/services/synchronization/events.rst	kernel	.. _events:	Events \| Concepts \| Implementation \| Defining an Event Object \| Setting Events \| Posting Events
kernel/services/synchronization/mutexes.rst	kernel	.. _mutexes_v2:	Mutexes \| Concepts \| Reentrant Locking \| Priority Inheritance \| Implementation \| Defining a Mutex
kernel/services/synchronization/semaphores.rst	kernel	.. _semaphores_v2:	Semaphores \| Concepts \| Implementation \| Defining a Semaphore \| Giving a Semaphore \| Taking a Semaphore
kernel/services/threads/index.rst	kernel	.. _threads_v2:	Threads \| Lifecycle \| Thread Creation \| Thread Termination \| Thread Aborting \| Thread Suspension
kernel/services/threads/nothread.rst	kernel	.. _nothread:	Operation without Threads \| What Can be Expected to Work \| What Cannot be Expected to Work \| Subsystem Behavior Without Thread Support \| Flash \| GPIO
kernel/services/threads/system_threads.rst	kernel	.. _system_threads_v2:	System Threads \| Implementation \| Writing a main() function \| Suggested Uses
kernel/services/threads/workqueue.rst	kernel	.. _workqueues_v2:	Workqueue Threads \| Work Item Lifecycle \| Delayable Work \| Triggered Work \| System Workqueue \| How to Use Workqueues
kernel/services/timing/clocks.rst	kernel	.. _kernel_timing:	Kernel Timing \| Time Units \| Runtime System Timer Frequency \| Conversion \| Uptime \| Timeouts
kernel/services/timing/timers.rst	kernel	.. _timers_v2:	Timers \| Concepts \| Implementation \| Defining a Timer \| Using a Timer Expiry Function \| Reading Timer Status
kernel/timeutil.rst	kernel	.. _timeutil_api:	Time Utilities \| Overview \| Time Utility APIs \| Representation Transformation \| Time Scale Synchronization \| ``timespec`` Manipulation
kernel/timing_functions/index.rst	kernel	.. _timing_functions:	Executing Time Functions \| Configuration \| Usage \| Example \| API documentation
kernel/usermode/index.rst	kernel	.. _usermode_api:	User Mode
kernel/usermode/kernelobjects.rst	kernel	.. _kernelobjects:	Kernel Objects \| Object Placement \| Dynamic Objects \| Implementation Details \| Supervisor Thread Access Permission \| User Thread Access Permission
kernel/usermode/memory_domain.rst	kernel	.. _memory_domain:	Memory Protection Design \| Boot Time Memory Configuration \| Hardware Stack Overflow \| Thread Stack \| Thread Resource Pools \| Memory Domains
kernel/usermode/mpu_stack_objects.rst	kernel	.. _mpu_stack_objects:	MPU Stack Objects \| Thread Stack Creation \| Stack Guards \| Memory Placement
kernel/usermode/mpu_userspace.rst	kernel	.. _mpu_userspace:	MPU Backed Userspace
kernel/usermode/overview.rst	kernel	.. _usermode_overview:	Overview \| Threat Model \| Design Goals \| High-level Policy Details \| Constraints
kernel/usermode/syscalls.rst	kernel	.. _syscalls:	System Calls \| Components \| C Prototype \| Invocation Context \| Implementation Details \| Implementation Function
kernel/util/index.rst	kernel	.. _util_api:	Utilities
project/code_flow.rst	project	.. _code-flow-and-branches:	Code Flow and Branches \| Introduction \| Roles and Responsibilities
project/communication.rst	project	.. _communication-and-collaboration:	Communication and Collaboration
project/dev_env_and_tools.rst	project	.. _dev-environment-and-tools:	Development Environment and Tools \| Code Review \| Give reviewers time to review before code merge \| Workflow \| Categories/Labels \| A Pull-Request should have an Assignee
project/documentation.rst	project	.. _code-documentation:	Code Documentation \| API Documentation \| Reference to Requirements \| Test Documentation \| Documentation Guidelines \| Test Code
project/index.rst	project	.. _development_model:	Project and Governance \| Terminology
project/issues.rst	project	.. _bug_reporting:	Bug Reporting \| Reporting a regression issue
project/project_roles.rst	project	.. _project_roles:	TSC Project Roles \| Project Roles \| Role Retirement \| Teams and Supporting Activities \| MAINTAINERS File
project/proposals.rst	project	.. _feature-tracking:	Feature Tracking \| Roadmap and Release Plans \| Project Roadmap \| Release Plans
project/release_process.rst	project	.. _release_process:	Release Process \| Development Phase \| Stabilization Phase \| Merge Criteria \| Release Criteria \| Blocker Bugs
project/tsc.rst	project	Technical Steering Committee (TSC)	Technical Steering Committee (TSC) \| TSC Member Role \| Rights \| Responsibilities \| Voting Options \| Abstention
project/working_groups.rst	project	TSC Working Groups	TSC Working Groups \| Overview \| Membership \| Advisory role \| TSC Working Group Lifecycle
releases/eol_releases.rst	releases	.. _eol_releases:	End-of-life releases \| Release Notes \| Migration Guides
releases/index.rst	releases	.. _zephyr_release_notes:	Releases \| Supported Releases \| End-of-life releases \| Release Life Cycle and Maintenance \| Major and Maintenance Releases \| Long Term Support and Maintenance
releases/migration-guide-3.5.rst	releases	:orphan:	Migration guide to Zephyr v3.5.0 \| Required changes \| Kernel \| C Library \| Optional Modules \| Device Drivers and Device Tree
releases/migration-guide-3.6.rst	releases	:orphan:	Migration guide to Zephyr v3.6.0 \| Build System \| Kernel \| Boards \| Modules \| Optional Modules
releases/migration-guide-3.7.rst	releases	:orphan:	Migration guide to Zephyr v3.7.0 \| Build System \| Kernel \| Boards \| Modules \| Mbed TLS
releases/migration-guide-4.0.rst	releases	:orphan:	Migration guide to Zephyr v4.0.0 \| Build System \| Kernel \| Boards \| Devicetree \| STM32
releases/migration-guide-4.1.rst	releases	:orphan:	Migration guide to Zephyr v4.1.0 \| Build System \| BOSSA Runner \| Kernel \| k_pipe API \| Security
releases/migration-guide-4.2.rst	releases	:orphan:	Migration guide to Zephyr v4.2.0 \| Build System \| Kernel \| Boards \| Device Drivers and Devicetree \| Audio
releases/migration-guide-4.3.rst	releases	:orphan:	Migration guide to Zephyr v4.3.0 \| Build System \| Kernel \| Base Libraries \| Boards \| Device Drivers and Devicetree
releases/migration-guide-4.4.rst	releases	:orphan:	Migration guide to Zephyr v4.4.0 \| Common \| Build System \| Kernel \| Boards \| Device Drivers and Devicetree
releases/migration-guide-4.5.rst	releases	:orphan:	Migration guide to Zephyr v4.5.0 (Working Draft) \| Common \| Build System \| Kernel \| Boards \| Device Drivers and Devicetree
releases/release-notes-1.10.rst	releases	:orphan:	Zephyr Kernel 1.10.0 \| Kernel \| Architectures \| Boards \| Drivers and Sensors \| Networking
releases/release-notes-1.11.rst	releases	:orphan:	Zephyr Kernel 1.11.0 \| Kernel \| Architectures \| Boards \| Drivers and Sensors \| Networking
releases/release-notes-1.12.rst	releases	:orphan:	Zephyr Kernel 1.12.0 \| Security Vulnerability Related \| Kernel \| Architectures \| Boards \| Drivers and Sensors
releases/release-notes-1.13.rst	releases	:orphan:	Zephyr Kernel 1.13.0 \| Kernel \| Architectures \| Boards & SoC Support \| Drivers and Sensors \| Networking
releases/release-notes-1.14.rst	releases	:orphan:	Zephyr 1.14.3 \| Security Vulnerability Related \| Issues Fixed \| Zephyr 1.14.2 \| Security Vulnerability Related \| Issues Fixed
releases/release-notes-1.5.rst	releases	.. _zephyr_1.5:	Zephyr Kernel 1.5.0 \| Kernel \| Architectures \| Boards \| Drivers and Sensors \| Networking
releases/release-notes-1.6.rst	releases	.. _zephyr_1.6:	Zephyr Kernel 1.6.0 \| Kernel \| Architectures \| Boards \| Drivers and Sensors \| Networking
releases/release-notes-1.7.rst	releases	.. _zephyr_1.7:	Zephyr Kernel 1.7.0 \| Kernel \| Architectures \| Boards \| Drivers and Sensors \| Networking
releases/release-notes-1.8.rst	releases	.. _zephyr_1.8:	Zephyr Kernel 1.8.0 \| Kernel \| Architectures \| Boards \| Drivers and Sensors \| Networking
releases/release-notes-1.9.rst	releases	:orphan:	Zephyr Kernel 1.9.2 \| Kernel \| Bluetooth \| Zephyr Kernel 1.9.1 \| Drivers and Sensors \| Networking
releases/release-notes-2.0.rst	releases	:orphan:	Zephyr 2.0.0 \| Security Vulnerability Related \| Kernel \| Architectures \| Boards & SoC Support \| Drivers and Sensors
releases/release-notes-2.1.rst	releases	:orphan:	Zephyr 2.1.0 \| Security Vulnerability Related \| Kernel \| Architectures \| Boards & SoC Support \| Drivers and Sensors
releases/release-notes-2.2.rst	releases	:orphan:	Zephyr 2.2.1 \| Security Vulnerability Related \| Issues Fixed \| Zephyr 2.2.0 \| Security Vulnerability Related \| API Changes
releases/release-notes-2.3.rst	releases	:orphan:	Zephyr 2.3.0 \| Security Vulnerability Related \| Known issues \| API Changes \| Deprecated in this release \| Removed APIs in this release
releases/release-notes-2.4.rst	releases	:orphan:	Zephyr 2.4.0 \| Security Vulnerability Related \| Known issues \| API Changes \| Deprecated in this release \| Removed APIs in this release
releases/release-notes-2.5.rst	releases	:orphan:	Zephyr 2.5.0 \| Security Vulnerability Related \| Known issues \| API Changes \| Deprecated in this release \| Removed APIs in this release
releases/release-notes-2.6.rst	releases	:orphan:	Zephyr 2.6.0 \| Security Vulnerability Related \| Known issues \| API Changes \| Stable API changes in this release \| Kernel
releases/release-notes-2.7.rst	releases	:orphan:	Zephyr 2.7.0 \| Security Vulnerability Related \| Known issues \| API Changes \| Changes in this release \| Stable API changes in this release
releases/release-notes-3.0.rst	releases	:orphan:	Zephyr 3.0.0 \| Security Vulnerability Related \| Known issues \| API Changes \| Changes in this release \| Removed APIs in this release
releases/release-notes-3.1.rst	releases	:orphan:	Zephyr 3.1.0 \| API Changes \| Changes in this release \| Removed APIs in this release \| Deprecated in this release \| Stable API changes in this release
releases/release-notes-3.2.rst	releases	:orphan:	Zephyr 3.2.0 \| Security Vulnerability Related \| API Changes \| Changes in this release \| Removed APIs in this release \| Deprecated in this release
releases/release-notes-3.3.rst	releases	:orphan:	Zephyr 3.3.0 \| Security Vulnerability Related \| API Changes \| Changes in this release \| Removed APIs in this release \| Deprecated in this release
releases/release-notes-3.4.rst	releases	:orphan:	Zephyr 3.4.0 \| Security Vulnerability Related \| API Changes \| Changes in this release \| Removed APIs in this release \| Deprecated in this release
releases/release-notes-3.5.rst	releases	:orphan:	Zephyr 3.5.0 \| Security Vulnerability Related \| Kernel \| Architectures \| Bluetooth \| Boards & SoC Support
releases/release-notes-3.6.rst	releases	:orphan:	Zephyr 3.6.0 \| Security Vulnerability Related \| Architectures \| Bluetooth \| Boards & SoC Support \| Build system and infrastructure
releases/release-notes-3.7.rst	releases	:orphan:	Zephyr 3.7.0 \| Security Vulnerability Related \| API Changes \| Removed APIs in this release \| Deprecated in this release \| Architectures
releases/release-notes-4.0.rst	releases	:orphan:	Zephyr 4.0.0 \| Security Vulnerability Related \| API Changes \| Removed APIs in this release \| Deprecated in this release \| Architectures
releases/release-notes-4.1.rst	releases	:orphan:	Zephyr 4.1.0 \| Security Vulnerability Related \| API Changes \| Removed APIs and options \| Deprecated APIs and options \| New APIs and options
releases/release-notes-4.2.rst	releases	:orphan:	Zephyr 4.2.0 \| Security Vulnerability Related \| API Changes \| Removed APIs and options \| Deprecated APIs and options \| Stable API changes in this release
releases/release-notes-4.3.rst	releases	:orphan:	Zephyr 4.3.0 \| Security Vulnerability Related \| API Changes \| Removed APIs and options \| Deprecated APIs and options \| New APIs and options
releases/release-notes-4.4.rst	releases	:orphan:	Zephyr 4.4.0 \| Security Vulnerability Related \| API Changes \| Removed APIs and options \| Deprecated APIs and options \| New APIs and options
releases/release-notes-4.5.rst	releases	:orphan:	Zephyr 4.5.0 (Working Draft) \| Security Vulnerability Related \| API Changes \| Removed APIs and options \| Deprecated APIs and options \| New APIs and options
requirements.in	.	# DOC: additional dependencies required to generate docs.	DOC: additional dependencies required to generate docs. \| Follow the "Getting Started" guide first. \| YAML validation. Used by zephyr_module. \| Used by pytest-twister-harness plugin (imported by autodoc) \| Doxygen doxmlparser \| Used by the Zephyr domain to organize code samples
requirements.txt	.	# This file was autogenerated by uv via the following command:	This file was autogenerated by uv via the following command: \| uv pip compile --universal --python-version 3.12 --generate-hashes requirements.in --output-file requirements.txt
safety/index.rst	safety	.. _safety_section:	Safety
safety/safety_overview.rst	safety	.. _safety_overview:	Zephyr Safety Overview \| Introduction \| Overview \| Safety Document update \| General safety scope \| Summarization IEC 61508 standard
safety/safety_requirements/getting_started/create_your_first_requirement.rst	safety	.. _create_first_safety_requirements:	Create your first Zephyr RTOS requirement \| Repository Overview \| Step 1: Create or Edit a Requirement File \| Folder Overview \| Step 2: Save the File \| Step 3: Assign a UID Automatically
safety/safety_requirements/getting_started/getting_started_with_requirements.rst	safety	.. _getting_started_with_safety_requirements:	Getting started with Requirements Management \| Overview \| Installation \| Usage \| Structure \| Live Documentation
safety/safety_requirements/getting_started/index.rst	safety	.. _safety_getting_started_requ_section:	Getting Started with Requirements
safety/safety_requirements/index.rst	safety	.. _safety_requirements_section:	Safety Requirements Management
safety/safety_requirements/safety_requirements.rst	safety	.. _safety_requirements:	Safety Requirements \| Introduction \| Objectives of Requirements Management in the Zephyr Project \| Guideline to Requirements Management \| Scope \| Managing Zephyr Requirements: Structure, Tools, and Grammar
safety/safety_requirements/safety_requirements_checklist.rst	safety	.. _safety_requirements_checklist:	Safety Requirements Checklist \| Introduction \| Requirements Structure and Guidelines \| Review Instructions \| Review checkpoints for each and every requirement \| Review checkpoints looking at a group of requirements
security/control-flow-integrity.rst	security	.. _control_flow_integrity:	Control Flow Integrity \| Forward and return edges \| Implementation details \| Hardware support \| Intel CET \| ARM Pointer Authentication and Branch Target Identification
security/hardening-tool.rst	security	.. _hardening:	Hardening Tool \| Usage
security/index.rst	security	.. _security_section:	Security
security/reporting.rst	security	.. _reporting:	Security Vulnerability Reporting \| Introduction \| Security Issue Management \| Vulnerability Notification \| Backporting of Security Vulnerabilities \| Need to Know
security/secure-coding.rst	security	.. _secure code:	Secure Coding \| Introduction and Scope \| Secure Coding \| Secure development knowledge \| Secure designer \| Vulnerability Knowledge
security/security-citations.rst	security	:orphan:	Security Document Citations
security/security-overview.rst	security	.. _security-overview:	Zephyr Security Overview \| Introduction \| Overview and Scope \| Intended Audience \| Nomenclature \| Security Document Update
security/sensor-threat.rst	security	.. _sensor-threat:	Sensor Device Threat Model \| Assets \| Communication \| Other Considerations \| Threats \| Notes
security/standards/cyber-resilience-act.rst	security	.. _cra_faq:	EU Cyber Resilience Act (CRA) \| Overview \| For Manufacturers Using Zephyr \| Does the CRA apply to my product? \| Which category does my product belong to? \| Which compliance path must I choose?
security/standards/etsi-303645.rst	security	.. _etsi_303645:	ETSI 303-645 \| Terminology \| Provisions Assessment
security/standards/index.rst	security	.. _security_standards:	Security standards and Zephyr
security/vulnerabilities.rst	security	.. _vulnerabilities:	Vulnerabilities \| CVE-2017 \| :cve:`2017-14199` \| :cve:`2017-14201` \| :cve:`2017-14202` \| CVE-2019
services/binary_descriptors/index.rst	services	.. _binary_descriptors:	Binary Descriptors \| Internals \| Usage \| Standard Descriptors \| Reading Descriptors \| west bindesc tool
services/console.rst	services	.. _console:	Console
services/cpu_freq/index.rst	services	.. _cpu_freq:	CPU Frequency Scaling \| Overview \| Design Goals \| P-state Policies \| Metrics \| P-state Drivers
services/cpu_freq/policies/index.rst	services	.. _cpu_freq_policies:	CPU Frequency Scaling Policies
services/cpu_freq/policies/on_demand.rst	services	.. _on_demand_policy:	On-Demand CPU Frequency Scaling Policy
services/cpu_freq/policies/pressure.rst	services	.. _pressure_policy:	Pressure based CPU Frequency Scaling Policy
services/cpu_load/index.rst	services	.. _cpu_load_metric:	CPU Load
services/crc/index.rst	services	.. _crc:	CRC \| Overview \| Usage \| Configuration \| API Reference
services/crypto/api/index.rst	services	.. _crypto_api:	Crypto APIs \| Overview \| API Reference \| Generic API for crypto drivers \| Ciphers API
services/crypto/index.rst	services	.. _cryptography:	Cryptography
services/crypto/psa_crypto.rst	services	.. _psa_crypto:	PSA Crypto \| Overview \| Design Goals \| Examples of Applications \| Usage considerations \| References
services/crypto/random/index.rst	services	.. _random_api:	Random Number Generation \| Overview \| API Usage \| Non-Cryptographic Random Numbers \| Cryptographically Secure Random Numbers \| Kconfig Options
services/debugging/coredump.rst	services	.. _coredump:	Core Dump \| Configuration \| Usage \| Example \| Starting the GDB server from within GDB \| File Format
services/debugging/cpu_load.rst	services	.. _cpu_load:	CPU load \| Using counter device
services/debugging/cs_trace_defmt.rst	services	.. _cs_trace_defmt:	ARM Coresight Trace Deformatter \| Usage \| API documentation
services/debugging/debugmon.rst	services	.. _debugmon:	Cortex-M Debug Monitor \| Configuration \| Usage \| Using SEGGER-provided ISR \| Using other custom ISR
services/debugging/gdbstub.rst	services	.. _gdbstub:	GDB stub \| Overview \| Features \| Enabling GDB Stub \| Using Serial Backend \| Debugging
services/debugging/index.rst	services	.. _debugging:	Debugging
services/debugging/mipi_stp_decoder.rst	services	.. _mipi_stp_decoder:	MIPI STP Decoder \| Usage \| Limitations \| API documentation
services/debugging/symtab.rst	services	.. _symtab:	Symbol Table (Symtab) \| Usage \| Configuration \| API documentation
services/debugging/thread-analyzer.rst	services	.. _thread_analyzer:	Thread analyzer \| Configuration \| API documentation
services/debugging/zyclictest.rst	services	.. _zyclictest:	Zyclictest \| Mode of operation \| Configuration \| Usage \| Example
services/device_mgmt/dfu.rst	services	.. _dfu:	Device Firmware Upgrade \| Overview \| Flash Image \| API Reference \| MCUBoot API \| API Reference
services/device_mgmt/ec_host_cmd.rst	services	.. _ec_host_cmd_backend_api:	EC Host Command \| Overview \| Architecture \| Initialization \| Buffers \| Logging
services/device_mgmt/index.rst	services	.. _device_mgmt:	Device Management
services/device_mgmt/mcumgr.rst	services	.. _mcu_mgr:	MCUmgr \| Overview \| Tools/libraries \| J-Link Virtual MSD Interaction Note \| Bootloader Integration \| Discord channel
services/device_mgmt/mcumgr_callbacks.rst	services	.. _mcumgr_callbacks:	MCUmgr Callbacks \| Overview \| Implementation \| Enabling \| Events \| Actions
services/device_mgmt/mcumgr_handlers.rst	services	.. _mcumgr_handlers:	MCUmgr handlers \| Overview \| Implementation \| Initial header <grp_name>_mgmt.h \| Initial header <grp_name>_mgmt_callbacks.h \| Initial source <grp_name>_mgmt.c
services/device_mgmt/ota.rst	services	.. _ota:	Over-the-Air Update \| Overview \| Examples of OTA \| Golioth \| Eclipse hawkBit™ \| UpdateHub
services/device_mgmt/smp_groups/smp_group_0.rst	services	.. _mcumgr_smp_group_0:	Default/OS Management Group \| Echo command \| Echo request \| Echo response \| Task statistics command \| Task statistics request
services/device_mgmt/smp_groups/smp_group_1.rst	services	.. _mcumgr_smp_group_1:	Application/software image management group \| Notion of "slots" and "images" in Zephyr \| State of images \| Get state of images request \| Get state of images response \| Set state of image request
services/device_mgmt/smp_groups/smp_group_10.rst	services	.. _mcumgr_smp_group_10:	Enumeration Management Group \| Count of supported groups command \| Count of supported groups request \| Count of supported groups response \| List supported groups command \| List supported groups request
services/device_mgmt/smp_groups/smp_group_2.rst	services	.. _mcumgr_smp_group_2:	Statistics management \| Statistics: group data \| Statistics: group data request \| Statistics: group data response \| Statistics: list of groups \| Statistics: list of groups request
services/device_mgmt/smp_groups/smp_group_3.rst	services	.. _mcumgr_smp_group_3:	Settings (Config) Management Group \| Read/write setting command \| Read setting request \| Read setting response \| Write setting request \| Write setting response
services/device_mgmt/smp_groups/smp_group_63.rst	services	.. _mcumgr_smp_group_63:	Zephyr Management Group \| Erase storage command \| Erase storage request \| Erase storage response
services/device_mgmt/smp_groups/smp_group_8.rst	services	.. _mcumgr_smp_group_8:	File management \| File download \| File download request \| File download response \| File upload \| File upload request
services/device_mgmt/smp_groups/smp_group_9.rst	services	.. _mcumgr_smp_group_9:	Shell management \| Shell command line execute \| Shell command line execute request \| Shell command line execute response
services/device_mgmt/smp_protocol.rst	services	.. _mcumgr_smp_protocol_specification:	SMP Protocol Specification \| Frame: The envelope \| Management ``Group ID``'s \| Minimal response \| Minimal response SMP data \| Specifications of management groups supported by Zephyr
services/device_mgmt/smp_transport.rst	services	.. _mcumgr_smp_transport_specification:	SMP Transport Specification \| Bluetooth Low Energy (LE) \| UART/serial and console \| Frame fragmenting \| Frame formats \| CRC Details
services/dsp/index.rst	services	.. _zdsp_api:	Digital Signal Processing (DSP) \| Using zDSP \| Optimizing for your architecture \| API Reference
services/formatted_output.rst	services	.. _formatted_output:	Formatted Output \| Cbprintf Packaging \| Cbprintf package conversion \| Cbprintf package format \| Limitations and recommendations \| API Reference
services/index.rst	services	.. _os_services:	OS Services
services/input/gpio-kbd.rst	services	.. _gpio-kbd:	GPIO Keyboard Matrix \| Base use case, no isolation diodes, interrupt capable GPIOs \| Isolation diodes \| GPIO with no interrupt support \| GPIO multiplexer \| Row and column GPIO selection
services/input/index.rst	services	.. _input:	Input \| Input Events \| Input Devices \| Application API \| HID code mapping \| General Purpose Drivers
services/instrumentation/index.rst	services	.. _instrumentation:	Instrumentation \| Overview \| Operational Modes \| Callgraph Mode (Tracing) \| Statistical Mode (Profiling) \| Configuration
services/ipc/index.rst	services	.. _ipc_service_api:	Interprocessor Communication (IPC)
services/ipc/ipc_service/backends/ipc_service_icbmsg.rst	services	.. _ipc_service_backend_icbmsg:	ICMsg with dynamically allocated buffers backend \| Overview \| Configuration \| Samples \| Detailed Protocol Specification \| Shared Memory Organization
services/ipc/ipc_service/backends/ipc_service_icmsg.rst	services	.. _ipc_service_backend_icmsg:	ICMsg backend \| Overview \| Configuration \| Bonding \| Samples \| Detailed Protocol Specification
services/ipc/ipc_service/ipc_service.rst	services	.. _ipc_service:	IPC service \| Overview \| Simple data exchange \| Data exchange using the no-copy API \| Backends \| API Reference
services/jwt/index.rst	services	.. _jwt_api:	JSON Web Token (JWT) \| Overview \| Usage \| Generating a JWT \| Configuration \| API Reference
services/llext/api.rst	services	API Reference	API Reference
services/llext/build.rst	services	Building extensions	Building extensions \| Using the Zephyr CMake features \| Building the extension \| Tweaking the build process \| Custom build steps \| LLEXT Extension Development Kit (EDK)
services/llext/config.rst	services	Configuration	Configuration \| Heap size \| Heap placement \| ELF object type \| Minimize allocations \| Symbol Groups
services/llext/debug.rst	services	.. _llext_debug:	Debugging extensions \| Extension debugging process \| Symbol lookup issues \| Discard all Zephyr symbols \| Edit the ELF file \| Example debugging session
services/llext/index.rst	services	.. _llext:	Linkable Loadable Extensions (LLEXT)
services/llext/load.rst	services	Loading extensions	Loading extensions \| Loading an extension \| Initializing and cleaning up the extension \| Accessing code and data \| Cleaning up after use \| Troubleshooting
services/logging/cs_stm.rst	services	.. _logging_cs_stm:	Multi-domain logging using ARM Coresight STM \| STM Extended Stimulus Port (STMESP) \| ARM Coresight Embedded Trace Router (ETR) \| STMESP Logging frontend \| Early logging \| Trace points
services/logging/index.rst	services	.. _logging_api:	Logging \| Global Kconfig Options \| Usage \| Logging in a module \| Logging in a module instance \| Controlling the logging
services/mem_mgmt/index.rst	services	.. _mem_mgmt_api:	Memory Attributes \| Migration guide from ``zephyr,memory-region-mpu`` \| Memory Attributes Heap Allocator \| API Reference
services/modem/index.rst	services	.. _modem:	Modem modules \| Modem pipe \| Modem PPP \| Modem CMUX \| Modem pipelink \| Modem chat
services/net_buf/index.rst	services	.. _net_buf_interface:	Network Buffers \| Overview \| Creating buffers \| Common Operations \| Reference Counting \| API Reference
services/notify.rst	services	.. _async_notification:	Asynchronous Notifications \| API Reference
services/pm/api/index.rst	services	.. _pm_api:	Power Management APIs \| System PM APIs \| States \| Policy \| Hooks \| Device PM APIs
services/pm/device.rst	services	Device Power Management	Device Power Management \| Introduction \| Device Runtime Power Management \| System-Managed Device Power Management \| Device Power Management States \| Device Model with Device Power Management Support
services/pm/device_runtime.rst	services	.. _pm-device-runtime:	Device Runtime Power Management \| Introduction \| Design principles \| Implementation guidelines \| Examples
services/pm/index.rst	services	.. _pm-guide:	Power Management
services/pm/overview.rst	services	Overview	Overview
services/pm/power_domain.rst	services	.. _pm-power-domain:	Power Domain \| Introduction \| Internal Power Domains \| External Power Domains \| Implementation guidelines \| Examples
services/pm/system.rst	services	.. _pm-system:	System Power Management \| Introduction \| Power States \| Power Management Policies \| Residency \| Application
services/portability/cmsis_rtos_v1.rst	services	.. _cmsis_rtos_v1:	CMSIS RTOS v1
services/portability/cmsis_rtos_v2.rst	services	.. _cmsis_rtos_v2:	CMSIS RTOS v2 \| Features not supported in Zephyr implementation \| Return values not supported in the Zephyr implementation
services/portability/index.rst	services	.. _osal:	OS Abstraction
services/portability/posix/aep/index.rst	services	.. _posix_aep:	POSIX Application Environment Profiles (AEP) \| System Interfaces \| Minimal Realtime System Profile (PSE51) \| Realtime Controller System Profile (PSE52) \| Dedicated Realtime System Profile (PSE53)
services/portability/posix/conformance/index.rst	services	.. _posix_conformance:	POSIX Conformance \| POSIX System Interfaces \| POSIX Shell and Utilities \| XSI Conformance \| X/Open System Interfaces
services/portability/posix/implementation/index.rst	services	.. _posix_details:	Implementation Details \| Design
services/portability/posix/index.rst	services	.. _posix_support:	POSIX
services/portability/posix/kconfig/index.rst	services	.. _posix_kconfig_options:	Additional Configuration Options
services/portability/posix/option_groups/index.rst	services	POSIX Option and Option Group Details	POSIX Option and Option Group Details \| POSIX Option Groups \| POSIX Options
services/portability/posix/overview/index.rst	services	.. _posix_overview:	Overview \| POSIX Subprofiles \| POSIX Applications in Zephyr \| Configuration
services/poweroff.rst	services	.. _poweroff:	Power off
services/profiling/index.rst	services	.. _profiling:	Profiling
services/profiling/perf.rst	services	.. _profiling-perf:	Perf \| Work Principle \| Configuration \| Usage
services/resource_management/index.rst	services	.. _resource_mgmt:	Resource Management \| On-Off Manager
services/rtio/index.rst	services	.. _rtio:	Real Time I/O (RTIO) \| Problem \| Inspiration, introducing io_uring \| Submission Queue \| Completion Queue \| Executor
services/sensing/index.rst	services	.. _sensing:	Sensing Subsystem \| Overview \| Configurability \| Main Features \| Major Flows \| Sensor Types And Instance
services/serialization/cbor.rst	services	.. _cbor_api:	CBOR \| Configuration \| API Reference
services/serialization/index.rst	services	.. _seialization_reference:	Serialization
services/serialization/json.rst	services	.. _json_api:	JSON \| Usage \| Defining the Data Structure \| Encoding \| Decoding \| Configuration
services/serialization/nanopb.rst	services	.. _nanopb_reference:	Nanopb \| Requirements \| Configuration
services/shell/index.rst	services	.. _shell_api:	Shell \| Overview \| Backends \| Telnet \| USB CDC ACM \| Bluetooth LE (NUS)
services/smf/index.rst	services	.. _smf:	State Machine Framework \| Overview \| State Creation \| State Machine Creation \| State Machine Execution \| State Machine Termination
services/storage/disk/access.rst	services	.. _disk_access_api:	Disk Access \| Overview \| Initializing Disks \| SD Card support \| SD Memory Card subsystem \| SD Card support via SPI
services/storage/disk/nvme.rst	services	.. _disk_nvme:	NVMe \| Driver design \| NVMe configuration \| DTS \| Options \| Important note for users
services/storage/fcb/fcb.rst	services	.. _fcb_api:	Flash Circular Buffer (FCB) \| Description \| Usage \| API Reference \| Data structures \| API functions
services/storage/file_system/index.rst	services	.. _file_system_api:	File Systems \| Samples \| API Reference
services/storage/flash_map/flash_map.rst	services	.. _flash_map_api:	Flash map \| Relationship with Devicetree \| API Reference
services/storage/index.rst	services	.. _storage_reference:	Storage
services/storage/nvmem/devicetree_bindings.txt	services	&eeprom0 {	
services/storage/nvmem/index.rst	services	.. _nvmem:	Non-Volatile Memory (NVMEM) \| Key Concepts \| NVMEM Provider \| NVMEM Cell \| NVMEM Consumer \| Configuration
services/storage/nvmem/my_consumer.txt	services	my_consumer: my-consumer {	
services/storage/nvmem/usage_example.txt	services	#include <zephyr/nvmem.h>	
services/storage/nvs/nvs.rst	services	.. _nvs_api:	Non-Volatile Storage (NVS) \| Flash wear \| Calculating expected device lifetime \| Flash write block size migration \| Sample \| Troubleshooting
services/storage/retention/blinfo.rst	services	.. _blinfo_api:	Bootloader Information \| Devicetree setup \| MCUboot setup \| Application setup \| API Reference \| Bootloader information API
services/storage/retention/index.rst	services	.. _retention_api:	Retention System \| Devicetree setup \| Mutex protection \| Boot mode \| Retention system modules \| API Reference
services/storage/secure_storage/index.rst	services	.. _secure_storage:	Secure Storage \| Overview \| Limitations \| Configuration \| Customization \| Whole API
services/storage/settings/index.rst	services	.. _settings_api:	Settings \| Handlers \| Backends \| Zephyr Storage Backends \| Storage Location \| Loading data from persistent storage
services/storage/stream/stream_flash.rst	services	.. _stream_flash:	Stream Flash \| Persistent stream write progress \| API Reference
services/storage/zms/zms.rst	services	.. _zms_api:	Zephyr Memory Storage (ZMS) \| General behavior \| Composition of a sector \| Definition of each element in the sector \| How does ZMS work? \| Mounting the storage system
services/task_wdt/index.rst	services	.. _task_wdt_api:	Task Watchdog \| Overview \| Configuration Options \| API Reference
services/tfm/build.rst	services	.. _tfm_build_system:	TF-M Build System \| Images Created by the TF-M Build \| Signing Images \| Output Files \| Custom CMake arguments \| Footprint and Memory Usage
services/tfm/index.rst	services	.. _tfm:	Trusted Firmware-M (TF-M)
services/tfm/integration.rst	services	Trusted Firmware-M Integration	Trusted Firmware-M Integration \| Board Definitions \| Example: ``mps2/an521/cpu0/ns``
services/tfm/overview.rst	services	Trusted Firmware-M Overview	Trusted Firmware-M Overview \| What Does TF-M Offer? \| Build System Integration \| Architecture Overview \| Root of Trust (RoT) Architecture \| Isolation Levels
services/tfm/requirements.rst	services	TF-M Requirements	TF-M Requirements \| Software Requirements
services/tfm/testsuites.rst	services	Test Suites	Test Suites \| TF-M Regression Tests \| PSA Arch Tests \| Purpose
services/tracing/index.rst	services	.. _tracing:	Tracing \| Overview \| Named Trace Events \| Serialization Formats \| Common Trace Format (CTF) Support \| A Generic Interface
services/uuid/index.rst	services	.. _uuid_api:	UUID \| Overview \| Usage \| Generating a UUIDv4 \| Generating a UUIDv5 \| Configuration
services/virtualization/index.rst	services	.. _virtualization_reference:	Virtualization
services/virtualization/ivshmem.rst	services	.. _ivshmem_driver:	Inter-VM Shared Memory \| Overview \| Support \| ivshmem-v2 \| API Reference
services/zbus/index.rst	services	.. _zbus:	Zephyr bus (zbus) \| Concepts \| Virtual Distributed Event Dispatcher \| HLP priority boost \| Limitations \| Delivery guarantees
substitutions.txt	.	.. \|br\|     raw:: html        .. force a line break in HTML output (blank lines needed here)	
zephyr.doxyfile.in	.	# Doxyfile 1.15.0	Doxyfile 1.15.0 \| This file describes the settings to be used by the documentation system \| Doxygen (www.doxygen.org) for a project. \| All text after a double hash (##) is considered a comment and is placed in \| front of the TAG it is preceding. \| All text after a single hash (#) is considered a comment and will be ignored.
