path	top_level	bytes	sha256	kind
404.rst	.	1105	7e1522a814e2ccb6d8b18f7387dd6ffc1629ce0fd00205f02ebd5eca88784922	text
CMakeLists.txt	.	10216	b25ab04220c209534bd78749123115d6aa790534c1d5f0c29fe80c883929a20f	text
LICENSING.rst	.	6089	170fa83594fa0a867e916345d7d342e73e81cb91f9e56381d7aec3a358922a96	text
Makefile	.	1472	c9c998f47c40a10128c720d5965113cb48c0687dfdc7fc09b2c13a67df87ac8a	asset
_doxygen/doxygen-awesome-darkmode-toggle.js	_doxygen	7462	b4124ed999c176c0b93f4a7f7694573ca2ab03687ea9bfb506b11ecdf317ab06	asset
_doxygen/doxygen-awesome-sidebar-only-darkmode-toggle.css	_doxygen	471	c1939ca910d2282068482abc72e9edcf9835e4de153ebe8b428cbace92ed4c2c	asset
_doxygen/doxygen-awesome-sidebar-only.css	_doxygen	2334	dc7ddd235375b71ecb0af920faa6b925ee9445ac617f3bc962b0b0db97da7b4f	asset
_doxygen/doxygen-awesome-zephyr.css	_doxygen	2657	e742d3ffd8bb31b78d380ab6a70ec9e56773c907a24a197f1b927d3224ec3a16	asset
_doxygen/doxygen-awesome-zephyr.js	_doxygen	546	7424d5b30a9dec65512efe0ffb7875b69aaabd83e7b71a28c3403f03a5ec5718	asset
_doxygen/doxygen-awesome.css	_doxygen	78015	dfc88191bbba9b459fea2caf90bb932a139d98d197321a14cf2a42f7105e7048	asset
_doxygen/favicon.png	_doxygen	534	e493650e5a351e68181796bcc1bb1658deaa7d770a427aca0f43f50ff3beb2df	asset
_doxygen/groups.dox	_doxygen	1759	7dd9edde8f991fa85389f72d438ef061927fb59bc138671a02897ce76ebd4e77	text
_doxygen/header.html	_doxygen	3021	a20670791107bd3f48ee197d6638e543659f05b0b43a58be96cec2c88dabfbdb	asset
_doxygen/logo.svg	_doxygen	7585	5f2cf7848d666322544cdb422ab13cb7fd1295c09088917883024fa8305eeb80	asset
_doxygen/mainpage.md	_doxygen	1235	e435ffbe0a0063600abea2f00a5ee38d672edf635fcd396b49d5724136b84549	text
_extensions/zephyr/__init__.py	_extensions	138	05d5fd129eecb0c1119f02053e0901d98851311dc14249f0cafe170fbb9694b2	asset
_extensions/zephyr/api_overview.py	_extensions	5054	025849e1a7242a3ccfc27eab3bdc92a737e7c680bc0b677f728a0f21eb1d2958	asset
_extensions/zephyr/application.py	_extensions	16292	a4ba0469b152263e6928716036d0367d97ef1634daedb631de50a2dd6c11f063	asset
_extensions/zephyr/domain/__init__.py	_extensions	55749	444625afbc3f3b731447b8bff591cb573cb2dfd417edd4289a5bb8a23929c82e	asset
_extensions/zephyr/domain/static/css/board-catalog.css	_extensions	7088	7e43baa9ca589a7bf5fa4100a3f6ea51f31c7c4d718883dd7c7c1d2f3b0a583b	asset
_extensions/zephyr/domain/static/css/board.css	_extensions	4743	4e089d561d8fd079ba946e76eedfba8e9a3ee8cd79bf4c0d9b934aeb072e4f7d	asset
_extensions/zephyr/domain/static/css/codesample-livesearch.css	_extensions	824	ac6cdac53720f5cf6dcf83e66d89a65497247bfb33a5f7291e389bfc102cc8ac	asset
_extensions/zephyr/domain/static/js/board-catalog.js	_extensions	15829	c6ac1ef1060950941da75b2fd90ea78fbe6ba4d4ee0ef1a096b9a0698384ace4	asset
_extensions/zephyr/domain/static/js/board.js	_extensions	8784	f5bff485e2f78f76f872d627e1ebaa39c9bc31a2a8d600e3de5e181ce8d52481	asset
_extensions/zephyr/domain/static/js/codesample-livesearch.js	_extensions	3738	ef65d2f19608c9e808c93f2b15b7a7e1f603e14cde7b391a8008f9c45dc97593	asset
_extensions/zephyr/domain/templates/board-card.html	_extensions	1749	b63249a8c62656e7b30b2f211cc930bf953e2b7d81687e03d08d9b97fa800755	asset
_extensions/zephyr/domain/templates/board-catalog.html	_extensions	4889	47dd49e0a8990d75d153135235741553d5ad5165bdafd5fae63c715124278745	asset
_extensions/zephyr/domain/templates/shield-card.html	_extensions	1067	5bc916084827bdfa2a2d46eeb65d498024627f04442cdbbdfdd7933526a884c8	asset
_extensions/zephyr/doxybridge.py	_extensions	7961	680b26d5e4f72bc54adc03ed6168ca02056b9241ac00fbea042b503e7e17e645	asset
_extensions/zephyr/doxyrunner.py	_extensions	11592	571c25e5870ecea08c72abdce46936aacd625eb6410580a93a7863fb6a088fe7	asset
_extensions/zephyr/doxytooltip/__init__.py	_extensions	857	97f0a1f5615097089c81eb11e573dafa63b3b2a897503a03ec6ac6c7530b02cf	asset
_extensions/zephyr/doxytooltip/static/doxytooltip.css	_extensions	1367	7cdacdb05edc8bc22effa9782257a61eed4212c7aa747c33f884c38579fb0537	asset
_extensions/zephyr/doxytooltip/static/doxytooltip.js	_extensions	4874	fc569e2ce79d64d45a64c5894445c6a0ddce5feef19c85a1e5bd017be4827952	asset
_extensions/zephyr/doxytooltip/static/tippy/popper.min.js	_extensions	20193	dded4ad7b150b98834ccc58633b7fd8af4bab608dd830c145b6a8f067ef542e8	asset
_extensions/zephyr/doxytooltip/static/tippy/tippy-bundle.umd.min.js	_extensions	25789	bba518271d86ee3d089af6eacc672cf17b4e7be3507ccdfa54daed75a6632ece	asset
_extensions/zephyr/dtcompatible-role.py	_extensions	550	6000e8f6d978d19ec899b34a64ae39140a592a1ab2e6dd9f507582a709d95f7e	asset
_extensions/zephyr/external_content.py	_extensions	5589	965b8af3e838208107bf21f696c5bf76ffba6d9b2d6ed02ed957295d722d9703	asset
_extensions/zephyr/gh_utils.py	_extensions	7588	5efe8970d0db6b68e2aa071ef7357769624c929733f60b7fe8fc9cfc9fa97bf9	asset
_extensions/zephyr/html_redirects.py	_extensions	3041	d4404aba6862bf14fde59f100a3e04b4ec83f008a3300ead67eefe8865e8e1e2	asset
_extensions/zephyr/kconfig/__init__.py	_extensions	22058	aa1fa5c9b2f9898d9bd65b055e82380037ce6519f4f8a0740467479abde6a3e4	asset
_extensions/zephyr/kconfig/static/kconfig.css	_extensions	1553	44a5a567230e5eaebe1ba9fba01759cb0e51b6cd4cca5825ce57127d79b14306	asset
_extensions/zephyr/kconfig/static/kconfig.mjs	_extensions	18499	b42c4be5e73ab1c9bc19a3913e64c1789c45afba334f68301046b5079078399f	asset
_extensions/zephyr/link-roles.py	_extensions	4538	e7e627fe4b09ec89643f802e1d23c66e23824b4f32f0a15798d891a7cf6f1495	asset
_extensions/zephyr/manifest_projects_table.py	_extensions	3765	4bbe765c6eeeb283942f5542c2e058d982908eb45f762e3d30737a1921375a36	asset
_scripts/dts_binding_types.py	_scripts	2317	de686215bf7e9befddb5aea5fb43e2f125b3ac61702ebb54778ad1c17da790e1	asset
_scripts/gen_boards_catalog.py	_scripts	17363	5244520edabc3f5671e7b3a3e6d5d8611d8a3f04c03b5698172f4e7c36cad1de	asset
_scripts/gen_devicetree_rest.py	_scripts	36466	59301164cfe618b5ccf195a95b6023779f321f2f708ccabc20712a125ec5b6d6	asset
_scripts/gen_helpers.py	_scripts	777	b7875d2d1739f7c51eb42e03a0570afa1da9cae27fc851813efca8abc8ccce8f	asset
_scripts/redirects.py	_scripts	25220	a795ce09f1b29b7da9e9330029e8022fd43b4d836b53e483501255f4f272c734	asset
_static/css/custom.css	_static	28145	c7b1fa325da74342b7665fa2a44492aa896af01fefa0ee878a454ea4ccbd58e8	asset
_static/css/dark.css	_static	4229	99bd27080165efd1e588b0b966e110cf30ac8359392af2b3d63631469ea90271	asset
_static/css/gcs.css	_static	2814	c3a281b1d1e64189ac556a99f373338e3d2e7db3706bde6a742012eb332a42a7	asset
_static/css/light.css	_static	4034	acd719e4b637289f66eb0a85d262289723ae304ebb5f8b5c297e4f15a3f901f4	asset
_static/images/favicon.png	_static	534	e493650e5a351e68181796bcc1bb1658deaa7d770a427aca0f43f50ff3beb2df	asset
_static/images/kite.png	_static	9234	1f3ee168f70ee3eca64168d0caf5416aac34fbf64f1b08c5cd8ca680a4784009	asset
_static/images/logo-latex.pdf	_static	4721	b19a3f5e7d94496b9df95690efaf71e941561c5677a41936757f9455818d4d95	asset
_static/images/logo-readme-dark.svg	_static	7283	b09411e40c2ebd0ea07996b02dac1fb84e60c93f04155b356506391986c9cadb	asset
_static/images/logo-readme-light.svg	_static	7283	ff9cf98a6640c5132739f1cc3f6b571fc44b800e8162ad58f36cc0caee9da897	asset
_static/images/logo.svg	_static	7585	5f2cf7848d666322544cdb422ab13cb7fd1295c09088917883024fa8305eeb80	asset
_static/js/custom.js	_static	5684	ebb66ad7528dda4103b8434814b8df4150dfa2605ad7d063352b70c4e59d3b50	asset
_static/js/dark-mode-toggle-stylesheets-loader.min.js	_static	628	b1fc133871fd2b8655a72666078ce76f2dff8809b9fd52502bc8c8ef24c79091	asset
_static/js/dark-mode-toggle.min.mjs	_static	10134	01f04d19cdb52ab3cff65e2a54b4bd8266e3052da01706f3901590058505be6b	asset
_static/js/scorer.js	_static	1313	8076d9fa1ca75330bcfece432de6e0cf6e88079934e5dc24f320e91d892ff5d6	asset
_static/latex/preamble.tex	_static	364	ea3055ae40e87cb30307623ad9d08623f66bf1745cae60bc5c78d16f4bd7aee0	asset
_static/latex/title.tex	_static	854	43e2450f2636b3cdd0cdb29066d187e5132bf4200d2a717658ef08abb17304f1	asset
_templates/breadcrumbs.html	_templates	1210	66c62c79fa2c81257628781ed750be105b8ad0f4b4d4115053dc6465459b03ad	asset
_templates/footer.html	_templates	460	dc6a2d485153564014e03a771f1e7dba20fb746fd9171684f6db381ccd213947	asset
_templates/gsearch.html	_templates	450	556e3747c2235665f2a33e20d3c0c4fb824ddf6107e4dffdcb718c528c75ad2e	asset
_templates/layout.html	_templates	1760	26be7885e9c10fc12b0e3b225a783ddceb9807249cc57284439a65278c631cd8	asset
_templates/searchbox.html	_templates	4979	617502465efcee18f2b389bc9e9a29ffdbad576b9cac9773f87a0382ae6858aa	asset
_templates/versions.html	_templates	27	7d5d33df5ee32f989fb41d40f4840cae41b33e241d09a5ad29bf4a9ec0744dc6	asset
_templates/zversions.html	_templates	1247	e2b7fccecd50870d94515d05660f55673450d614b0db1c56ee6acf6630432da6	asset
build/cmake/build-build-phase-1.svg	build	57306	2ea5500c23e62727cc8247e25f77faf69b6756fbaba8e357aeac7243523c59f7	asset
build/cmake/build-build-phase-2.svg	build	70656	848392b88f99cb53f4fab8f055730de310475171466506e58844fc123705bc6f	asset
build/cmake/build-build-phase-3.svg	build	51090	7d0a2d3a986392f77ecadeae4f5bdec1512e12ba825bfe71da2642446a5adb1a	asset
build/cmake/build-build-phase-4.svg	build	56691	2938b2fb5016e7793f7e4ebb7c36974d41d9ce34d45be606cc29770ad019dbaf	asset
build/cmake/build-build-phase-5.svg	build	65280	b86a35bd2b1f8ce1f7d0078a7bb6d16641a65b9ccc819d7f18e151bc0062b4d1	asset
build/cmake/build-build-phase-6.svg	build	49358	985bb1a1d65e76e01f47ec2efe3aa5c778ace92a08607020fbd885700b074061	asset
build/cmake/build-config-phase.svg	build	58640	b57925a91f599631fd1c7f7204fe0b7ed1a42a5c34f966af96fa44f7b6f92ccb	asset
build/cmake/build-postprocess-1.svg	build	41789	d3ef2912968ad10f330b9efa7675fa758a053787e2d7e5e2abd388436ba59f1f	asset
build/cmake/build-postprocess-2.svg	build	41756	204951fd86257a84296f63d3dd908e518aa8e9eb40bead360ae7c97fbe73ba13	asset
build/cmake/build-postprocess-3.svg	build	41741	a2c8545b54eee28b8cf15cc321c0a317f870d9729e30fc04140b7cd341a0b93f	asset
build/cmake/build-postprocess-4.svg	build	56883	d8da517fcfebba65213718c87b70c5b62d33e6ba65cdf76d01795b6cae708c18	asset
build/cmake/index.rst	build	16178	8250ec9fe0e1b45ca43557e37b4ac7fc1cfcb4ac67d9d7769d39a3700e7bf1fd	text
build/dts/api-usage.rst	build	13679	a531cf722c35b85abaa61765a700783ae8c5afeab790051d859d103d8ebbdb46	text
build/dts/api/api.rst	build	17814	ccc53781fa05a475b3678d60e45691d8d179069718ca454d941fc3a01005e58c	text
build/dts/bindings-intro.rst	build	4571	32c4939c98d5383d71fdc8c3a1be1d9ec4e89c1a95a339a696a2e38d393b35f6	text
build/dts/bindings-syntax.rst	build	25517	95f406b508fe6bf8d3d684e0ab5cb23729130c472903e62dc59779d3d1d44b15	text
build/dts/bindings-upstream.rst	build	9873	6795df0f76831c8a58232988fa2671ab0f2445a0bfb3cb449d4322c6e3d6303a	text
build/dts/bindings.rst	build	819	c0ad91cda44a6364722b0b7f3f1931aa381edf0ced94ef6f65b51eb098d978b8	text
build/dts/design.rst	build	3308	8a19d1d3469e592e8f14b484eda1f12750465a15b93ced72b15c7b9af21d87e5	text
build/dts/dt-vs-kconfig.rst	build	5529	64ea162ac803151c2dafba19361d75baf369f9379fcb95acdf359cb3576908cf	text
build/dts/howtos.rst	build	22315	6d48594d7b84e88a839d61ddecf64d1728ec7177698d7413a4c66cdb249d4ef3	text
build/dts/index.rst	build	1098	d0274e46597aa81b119af9463e7a132c37e9f6ee1d9ad7b9efe83a0d4b865d55	text
build/dts/intro-input-output.rst	build	5655	5b29aafbb6aa21c007ce1fa7c553f015f7cc0671568023f02035e5d147c019c4	text
build/dts/intro-scope-purpose.rst	build	1922	ef8c14c384fa8e7efc806dffa661b51d0d61c9e76f0e22afd6c9ebd5bd2d7ce5	text
build/dts/intro-syntax-structure.rst	build	16838	fc3e6da507ed755745b11649597663649ac9c857dbfe90211cb271f7a1c8dec7	text
build/dts/intro.rst	build	425	2697c2fc29aa5707944ee6498726d1a6a6ca6eeaae226f5de8fc01dc1d7d73ee	text
build/dts/macros.bnf	build	21338	993df74139e36e08b7c50b8ec2d1c96b2ccb6db25e5152bafa2c61f4f17c2fbf	asset
build/dts/main-example.dts	build	487	bad5a0015b3f753276cba4eb4b2eb323ca54ce793fb2ca774ee8d3fb7e5f53e2	asset
build/dts/phandles.rst	build	12050	11e283f2508f9266fc9b12f9aeae47409544cf2f25aa493ab0973523534e20a9	text
build/dts/troubleshooting.rst	build	13038	f482ab48254c25baaf76758bf0db89bdbb85e179fb9e3101db0142f5c6d3ee30	text
build/dts/zephyr-user-node.rst	build	3339	ad0049bd4b1ad0ce7614ac16934d655505156751b5851e6435052fd20617473b	text
build/dts/zephyr_dt_build_flow.png	build	15828	a45cc669adff2a364a0bc6cce57ebcf04d0d4f0c3a5c825f17a51d309bb614ee	asset
build/dts/zephyr_dt_build_flow.svg	build	12170	81043c8ab1bdf0c716ec8e67f63a2b6fcad90187c83b0155d701dd626df9e765	asset
build/dts/zephyr_dt_i2c_example.png	build	40288	f2abc7d743fdc83527a1ea424463d9c3676112497ba158e57e5f797632321995	asset
build/dts/zephyr_dt_i2c_example.svg	build	27488	8e0d9b2f04fa6059a284f9c9939c23961972ef6f6c2745ebe4a9e9f6143b5af1	asset
build/dts/zephyr_dt_i2c_high_level.png	build	6380	e841a846e215f24b9060a806a488f987b33d1889cbb2f5f82e06c07097c4c484	asset
build/dts/zephyr_dt_i2c_high_level.svg	build	9286	6d33fd0950d04233263052c6e18c144da18570245f7c4426d812c427e9719ccc	asset
build/dts/zephyr_dt_inputs_outputs.svg	build	24777	b4453f07ffe4d126d419ebecafa83deb2bb673dc9eed8268fc650f35c57e268c	asset
build/flashing/configuration.rst	build	4503	9de9ce61dbbea09d4e043646b3c5d3217728d7dbfdefe1262f77139c57a2bae8	text
build/flashing/index.rst	build	85	29f3c2b1e45a8c9f0768931b27bdfb063bc270315e8e8f5556d460805cb1c105	text
build/index.rst	build	307	782a629f8c04c6a913fea8b8c3cae9c139f2d3c4cba106e05b47952d6360cb4d	text
build/kconfig/extensions.rst	build	4844	5d38455df5eb8bda517584ef2ec9d4b72f147dfda216233a3c2ecd313ba58700	text
build/kconfig/guiconfig-jump-to.png	build	140349	a2d084b8251cff71eb5cf79767c930b90338d008808458b6faee6ecab3dc4bb9	asset
build/kconfig/guiconfig.png	build	70140	96f4c31a57d4426bb3f5d2d17f6088f32305639032121059d0cff2540ee3af62	asset
build/kconfig/index.rst	build	1336	f713b672d204c93d2dbc5ea558e1173a1c177d723687ff2cec14dca38f1b612a	text
build/kconfig/menuconfig-jump-to.png	build	104909	9d7240d4cda491aec33a34b81e5878188af35896c24b7e1bda378b32ac9698a2	asset
build/kconfig/menuconfig-quit.png	build	53624	7454ceeeddf3bda1fd8cc75b29f8e6f65dfa9fa18675bb0180dbdf310370a0c7	asset
build/kconfig/menuconfig.png	build	81376	25df4e95c78e2b306a2fd1afa91fcf7d94ae48eaf03840f7b1107e70ce280f70	asset
build/kconfig/menuconfig.rst	build	6945	e2422534e3e2e26f31d1cbe839386d8c8c3454cff78b6ba73d08470df6c5b60b	text
build/kconfig/preprocessor-functions.rst	build	5909	55687f89b36c8f1d73ea3a9c4a587d7b098960fccf8491a440139df55a792879	text
build/kconfig/setting.rst	build	14045	03c65eb809ad09a4be33c41ec1b3afebca7cce65839304e82edfa70a6eb74546	text
build/kconfig/tips.rst	build	30790	56a3abdcef70677edbc6a6db746988625244d9b3744d16c91519de05a0263986	text
build/kconfig/tracing.rst	build	2438	96f32b5d96475be3c7cc18666d9c102b3f033be8a26f25fdfb4e27b5c7f20963	text
build/signing/index.rst	build	4920	5c4192d91167f198679fd4d21be003be3e1117a27dbf44d635b513d1a613ad6b	text
build/snippets/design.rst	build	1549	6f4304b0f10964dffbd600c21616ce7a7d532c1e6000721b0d80022bedcd4a0e	text
build/snippets/index.rst	build	682	e23389101883431d99e0fe16376e7dfbe735a2481515aad61e3c631230e5cedb	text
build/snippets/using.rst	build	1177	082205c599c78a3772ef1f285d56f7b0119b93d6e02922e27b9575990004832e	text
build/snippets/writing.rst	build	7218	ebf6286fdc561a3cbd6b274eae4c2daaca2f951ef2023898fe7e1e759df119d0	text
build/sysbuild/images.rst	build	15969	b38c06947893527f09b8b01bf8b3fb353649acc1633cf4215ab16d318be41cb0	text
build/sysbuild/index.rst	build	33714	aec350b2c02a374094963057725507e2fd67085aa21e314e997a93dc6d920106	text
build/sysbuild/sysbuild.svg	build	41259	62b21b61e364da2bbf496f2b7db372425bb25375707872cbeb175c05a92e00e9	asset
build/version/index.rst	build	17930	1a997603ab32cd1795ae653ea8c9e78eea6ea7b858feca1faa7547f6c60758ee	text
build/zephyr_cmake_package.rst	build	16830	da22006dcff16310a9df79c2fed1b0e1fa18a06938880445bc9b08ee95f13bfa	text
conf.py	.	13857	f7999a55049b520df846db56fb7c8f8b29eac25dbdbb94b9bc7c5389d0734ac7	asset
connectivity/bluetooth/api/att.rst	connectivity	118	0ed00e508988eb5b921a61b4bf433d1c06f38823aa48a64b1b226d863a9ca759	text
connectivity/bluetooth/api/audio/audio.rst	connectivity	149	b3f3e96c427f94ce934821f5c84c8b56a02f5df526942a28a181ef4ac8d718f9	text
connectivity/bluetooth/api/audio/bap.rst	connectivity	312	b4beae509f51386d59c3d574dbb49a8e047be3bd903c5bf018493bee57fb2c36	text
connectivity/bluetooth/api/audio/bluetooth-le-audio-arch.rst	connectivity	81545	a6226b7e859e973e19ffa56e0c007183ca1086b36d191dc5a3f311ecc9588bb1	text
connectivity/bluetooth/api/audio/cap.rst	connectivity	118	68f2717324175e4ec5893e4a9b671a4314a99b98f9b2ed8c2c0b88858e76e558	text
connectivity/bluetooth/api/audio/coordinated_sets.rst	connectivity	144	bdef9d99884bdfe2de79294670901c894b3d28d267991ce952e226396c3b1e34	text
connectivity/bluetooth/api/audio/img/cap_proc.svg	connectivity	216564	ccb72ba55966b697f07a18cbcd6aa8f816da92fc0dd7ea0078bd6c3b145144a2	asset
connectivity/bluetooth/api/audio/media.rst	connectivity	283	51935d2f8429926998e08b73e62308dc893be8fc32855912f9cd463b64587ed5	text
connectivity/bluetooth/api/audio/microphone.rst	connectivity	142	6d4645c3847792a347cbb3650a5f82d9c72e2519aca80f80ba06b0efe8ff78ef	text
connectivity/bluetooth/api/audio/volume.rst	connectivity	141	a781bcad2b8b643ca36e195176d0b3f3896972c225bd8616ec1aea22f347f9f2	text
connectivity/bluetooth/api/classic/a2dp.rst	connectivity	158	e357088919a5ce446c556736db98cb13b7d044181933b7838bf952ffb13e23ea	text
connectivity/bluetooth/api/classic/avrcp.rst	connectivity	159	1daecdaf8c94c41dbe3d768bd51f2fa7540a1c3a4763fe34a6e14ed5ac48ea40	text
connectivity/bluetooth/api/classic/bip.rst	connectivity	125	3db115772d21f6d55419936a3d4809909da2b81904755bbdb126fa73dcd6c05a	text
connectivity/bluetooth/api/classic/goep.rst	connectivity	331	a96bbaf374fbba183d527d1593c8203dcdd3f711cdf909944ad1438a58b8f886	text
connectivity/bluetooth/api/classic/hfp.rst	connectivity	299	7375c26e70908d2a78950cf8c4a1927b8bf9228bb5145dd82271c315c0ca08d6	text
connectivity/bluetooth/api/classic/l2cap_br.rst	connectivity	3587	3b7185ca2ae05137de56316b4aa18716e917cf551c9e00574a5f62315f564fbe	text
connectivity/bluetooth/api/classic/rfcomm.rst	connectivity	138	4e238090d89bc26513742a6dd465e52cced825f427cb26e355c5529fa95e0550	text
connectivity/bluetooth/api/classic/sdp.rst	connectivity	135	b5b8529f982721d0b6c2ef8ec97934d2f43bbd7c4f7f47e469b12470dfea80d7	text
connectivity/bluetooth/api/connection_mgmt.rst	connectivity	1808	e06d2fe2cc24146301c5390e1b0b527e7cd6965db5a6dcf4e9ab7fea1bc051d3	text
connectivity/bluetooth/api/controller.rst	connectivity	126	c2d99628fd7fed299794157d6d47ad121fe96b6b80cff53b543d3f4271f6b3af	text
connectivity/bluetooth/api/crypto.rst	connectivity	101	6fc0478aee4d810da312ac973828cd02c7eb24eed41b73fdb7427964cf223e8c	text
connectivity/bluetooth/api/data_buffer.rst	connectivity	105	2a15205c2c225034200ec6a325b54c59bea9b9fc1c051f987cf42e6fc775446b	text
connectivity/bluetooth/api/gap.rst	connectivity	187	7e6fa1c5ce243f0971ba94b2946314d2bf2c91e324577a77b304a7ac820f256f	text
connectivity/bluetooth/api/gatt.rst	connectivity	4271	d4b782431a83592ef528fa65f52efbab4cffc0e44e67755dc4249afce53ee47d	text
connectivity/bluetooth/api/hci.txt	connectivity	91769	7cd08bf2385070d78ac8ceacd5a410acd0119bf16819490654fa2852a26a8313	text
connectivity/bluetooth/api/hci_drivers.rst	connectivity	106	8cc8fba50362fbc288ea4f42eff93f335d1544473b21384e5a2520526494c1fc	text
connectivity/bluetooth/api/hci_raw.rst	connectivity	404	9b85ff3d53d3cd406c1d9440252bada98d31faa6e1e4175c159da04547ed24e8	text
connectivity/bluetooth/api/index.rst	connectivity	957	988ce7b6d43bd73e27a4b11dcd1f5021d5fa39596d0d29ff2a6e68f3cb17d8bb	text
connectivity/bluetooth/api/l2cap.rst	connectivity	3324	26adfcce0e58e0fa17ca252e20a6dcc0a96a6f24361637202b94a32e06cba1be	text
connectivity/bluetooth/api/mesh.rst	connectivity	721	23e38a4dc94cb4c0b7cea32b9d29149c1ed8c4adfa2360e426dd4ba8b43928a5	text
connectivity/bluetooth/api/mesh/access.rst	connectivity	13420	2c174f962a0984facd28749a7714d157a37d3663b3d230dfce98a2ebeec3c84c	text
connectivity/bluetooth/api/mesh/blob.rst	connectivity	8967	ad75776b04b4c64f87b221b3d0e2fd8afe8fb30749fa5e1e1dccdaaabd1e6b97	text
connectivity/bluetooth/api/mesh/blob_cli.rst	connectivity	5551	c78c64265f668dadf5a623d66beb604618db0ccee1b9f9bd7415791c4377ddb5	text
connectivity/bluetooth/api/mesh/blob_flash.rst	connectivity	1315	8f075aca90acc715d9428376d17fb8bf9c843b97a2d3b0617f99af4657f553c2	text
connectivity/bluetooth/api/mesh/blob_srv.rst	connectivity	4344	7b35e63dc4f2558decb0e0f8f997f9608cac07e12d321efa5544100192398103	text
connectivity/bluetooth/api/mesh/brg_cfg.rst	connectivity	7100	ace79e961f536cdaa19ac6a99835670e3fa2196662b2f0b60d010ecdfb27f15b	text
connectivity/bluetooth/api/mesh/brg_cfg_cli.rst	connectivity	768	eb14aaca22d5e4d483a30e00359861c3d28dace57eda21071a2cf93b0cb137d1	text
connectivity/bluetooth/api/mesh/brg_cfg_srv.rst	connectivity	1157	bf9fd77bf9d57bbc0de27cb7c6f680e68e676a06ec900acb0e28a800bb9b43a7	text
connectivity/bluetooth/api/mesh/cdb_usage.rst	connectivity	30525	f0629d40478849586e78d2b4b45f8927ab272584a9bbac72d99bde3b37ae7da4	text
connectivity/bluetooth/api/mesh/cfg.rst	connectivity	985	67a98ad36d482ecdd714d8f68c3fd32aa23ef3b2b0b064ef2edb93b11fab81bb	text
connectivity/bluetooth/api/mesh/cfg_cli.rst	connectivity	1026	47a8a19a22c9cba6c5e0241f19cc8cf0958ef6d57b386801564bf7b15d6336ae	text
connectivity/bluetooth/api/mesh/cfg_srv.rst	connectivity	547	018a7fc018eeab35856f4ec13c23783550788d838f5b817ccf9083d70a0627ec	text
connectivity/bluetooth/api/mesh/core.rst	connectivity	6043	30f40d16f8e22ef70f94fa8eeeb8fb134640a5f59f5b4d2f54ba145b6ee03a2a	text
connectivity/bluetooth/api/mesh/dfd_srv.rst	connectivity	1738	1b0bf7acf02d718ba0df47eb1e7c0abec5559beffa0b1283b02b5848531e87a6	text
connectivity/bluetooth/api/mesh/dfu.rst	connectivity	21356	3f656cfdb742c2cdaddbdf763149f13a6a27602a6c25caf081475483efcf7485	text
connectivity/bluetooth/api/mesh/dfu_cli.rst	connectivity	344	a6c8b23f4e67e57e84d6e238400163483529b4b75b0c25a9cb489eff908f4a3e	text
connectivity/bluetooth/api/mesh/dfu_srv.rst	connectivity	6148	ec416f3a0cca6606ff9dd40eaab926009ca6cf173568c240b4f41cadd00b4bc5	text
connectivity/bluetooth/api/mesh/health_cli.rst	connectivity	905	07483dce432cc4db452a2d53816c652e5f540c30c3de819a0420b99d41e5fef8	text
connectivity/bluetooth/api/mesh/health_srv.rst	connectivity	2403	ee68098ecde01d374dbf132d94ac3cee31b9e3ef50e319ed9266ed5a2a1eca5c	text
connectivity/bluetooth/api/mesh/heartbeat.rst	connectivity	2226	b00d3f16c6ecacffbbe901c5fe647ef6679b01e9ac495aa6a70ba08fab8c96cf	text
connectivity/bluetooth/api/mesh/images/blob_srv.svg	connectivity	35444	f32edbed2218e2fac8f136fa9ef648903c48cabc16a41e373f94a994d1376ca5	asset
connectivity/bluetooth/api/mesh/images/blob_srv.xml	connectivity	2235	52d1d957f2355a9409892893680b739be0c3315f692cc4f7b19d5121543acf42	asset
connectivity/bluetooth/api/mesh/images/dfu_roles_mesh.svg	connectivity	7067	4c70cebb3e41c632d17c4e44a1f9ddf872ecafeecdf5703543203c712700de7d	asset
connectivity/bluetooth/api/mesh/images/dfu_srv.svg	connectivity	28567	6cbffc0cd42b4561f41b7723d449dde2feb61189ecc02f0fd0db932946c74dd8	asset
connectivity/bluetooth/api/mesh/images/dfu_srv.xml	connectivity	2723	8bfc3a37cdc5a32287da979ecb1edd974f904bcfcd509be9c95259936686bfa9	asset
connectivity/bluetooth/api/mesh/images/dfu_stages_procedures_mesh.svg	connectivity	8205	bf83163fb71656001f06d284f22cc67fd3707ae357026feb2daaea254eaacfdd	asset
connectivity/bluetooth/api/mesh/lcd_cli.rst	connectivity	1040	0cd95c9a23623880540f55b4eac08acf0152bfeda6561ca8b5eff398fe207f66	text
connectivity/bluetooth/api/mesh/lcd_srv.rst	connectivity	1815	3133e485009e78860ddbca70681b8b19da05d92d2830a36b9833207d64f45182	text
connectivity/bluetooth/api/mesh/models.rst	connectivity	813	6c304b0af23671347a4be1c4cbd2246e5046c0bc4065125739a4a779114de15d	text
connectivity/bluetooth/api/mesh/msg.rst	connectivity	266	c548391dd457ba3ead0f7f7af7f90ddb6d161abf91889821408cb7ac90c732ae	text
connectivity/bluetooth/api/mesh/od_cli.rst	connectivity	1458	e083fa2d2b8420216b9897c140ea6ff857958593f147b918ef54eebeef9e8ae8	text
connectivity/bluetooth/api/mesh/od_srv.rst	connectivity	1182	58d3745d096cbedce93366d3d960ca78a04a72c0d84c783b1108d639184889e9	text
connectivity/bluetooth/api/mesh/op_agg_cli.rst	connectivity	1261	d957a357acf398b678747d3811531c54e54659c9a72fb97b7b7063fe3ca7ee94	text
connectivity/bluetooth/api/mesh/op_agg_srv.rst	connectivity	1267	cb1d1a58892c9a185a3b6a772c07c488be1ca403c98a0a89f674758627b3fc9b	text
connectivity/bluetooth/api/mesh/priv_beacon_cli.rst	connectivity	1444	f638f03c2d8b5a4656a40a73e27db2cfacc7fdb49c6889778586c7dfc9479f2b	text
connectivity/bluetooth/api/mesh/priv_beacon_srv.rst	connectivity	1670	e07031a3bf44514ee75fe89d434b5726ba349a91e5b728069000997979c12c0a	text
connectivity/bluetooth/api/mesh/provisioning.rst	connectivity	8148	2bee52b23ae0333a357d28a404e4c9a2ec26f9a802c1dcafbb2570697b13691b	text
connectivity/bluetooth/api/mesh/proxy.rst	connectivity	3525	e5d84a4c53ab641c3bb42b06de6995ba72b172818705244047aa72f8951c6c21	text
connectivity/bluetooth/api/mesh/rpr_cli.rst	connectivity	5710	aa71330194c1f7e8937fcd3e4c15a33be70697b00748ee82120f33586269e5a9	text
connectivity/bluetooth/api/mesh/rpr_srv.rst	connectivity	2776	2302bc21b04391cc6d87e5de4da45ba9239168cc8f51336ff2f1b7e96fd93867	text
connectivity/bluetooth/api/mesh/sar_cfg.rst	connectivity	13357	d596774669e88d6207ad6e02f9a5c7b1eed974afaeca8bd719c2e31b63834589	text
connectivity/bluetooth/api/mesh/sar_cfg_cli.rst	connectivity	1890	b83df960869993fa03490a4bad62ec1df8d68dc9b6601e2369cc658bc01035fd	text
connectivity/bluetooth/api/mesh/sar_cfg_srv.rst	connectivity	1281	efe2c89fa1600da673254b007a8c434808af3b62c3c340d33f14bcfa0b4185ac	text
connectivity/bluetooth/api/mesh/shell.rst	connectivity	83991	a7320fabc7d3fb9150e6853660aa1a1855abb7b1ff79b1efd7d648088a867ca0	text
connectivity/bluetooth/api/mesh/srpl_cli.rst	connectivity	1490	230225abe4bcb9a83b7aca9b277f5b1841ff75b06e5a336b1b6d62de239a49bb	text
connectivity/bluetooth/api/mesh/srpl_srv.rst	connectivity	1387	05caf3ce052fd4f4a99831ad805c86814f1c55cf439da3fd0206efc47fab8d02	text
connectivity/bluetooth/api/mesh/statistic.rst	connectivity	577	077bfd317c5f9d8297a0c37f657b372ec8b6a59de6de30ec712f7c90078f1a00	text
connectivity/bluetooth/api/services.rst	connectivity	493	55b8a55f79df3a926d72f75918b83db69c6db0297240fc0328bf11e4f459d7a9	text
connectivity/bluetooth/api/uuid.rst	connectivity	150	8aa07259a3ea825f2796ce64d59450b39a27d879bb419170147faf63b409392f	text
connectivity/bluetooth/autopts/add_socat_to_path.png	connectivity	18613	d09a9ab973dfc26fa2ce3cce66d55e7885d02cd5df6f309e4638a351e81f3931	asset
connectivity/bluetooth/autopts/allow_firewall.png	connectivity	120748	ab3b7855826d04977d4203c2db0525273c26f4c3255fe8fc4755b930fef76172	asset
connectivity/bluetooth/autopts/allow_firewall_2.png	connectivity	26490	6719baa740b1621b846a28ee94df0392153b2a494e22a7aa024ada5370c89d26	asset
connectivity/bluetooth/autopts/autopts-linux.rst	connectivity	11543	81008a9242d134cfe0c14e64bece3e323bc3c25b59db2eeb7344211c77e24d3a	text
connectivity/bluetooth/autopts/autopts-win10.rst	connectivity	6099	037d056a2917384662641217508e8bd335d8040754e9452c3600c375d4fda551	text
connectivity/bluetooth/autopts/autoptsclient_run.png	connectivity	27526	da3c8e31f58f9f82bb56c1528df256bf22c5537cadde3d8ccbc9ec597868243c	asset
connectivity/bluetooth/autopts/autoptsclient_run_2.png	connectivity	28121	05804aa4ea2e6e6e0c7ed6c7391572357ac393a97c0b5f72d5972faebe89d160	asset
connectivity/bluetooth/autopts/autoptsserver_run.png	connectivity	23832	73d6956055cbd116a53c242e6f675757ccbf7461974b393922af6124836fc8db	asset
connectivity/bluetooth/autopts/autoptsserver_run_2.png	connectivity	7765	f45a54a6ce8c6141a1d1d0ed92cc4effa5057739639eca0c87f6b33c95845d94	asset
connectivity/bluetooth/autopts/autoptsserver_typical_error.png	connectivity	33070	9c78ce3104d3e209bd5c44b12b9c4d2be1c40b33e822728aae0ed8dca4063653	asset
connectivity/bluetooth/autopts/device_manager.png	connectivity	88670	3292f2f03e02179fb51e597cc109ce619063ff9b5df16f8665a964a24872760f	asset
connectivity/bluetooth/autopts/devices_1.png	connectivity	994343	2c8541a36372d60cd4ca06b0c394307d55e2da078eec1ea37063b1e7d746d394	asset
connectivity/bluetooth/autopts/devices_2.png	connectivity	1101077	41d629265d9b7b5b504e90588cb357a092859a03438938b6f55e5d5e2db8f3e6	asset
connectivity/bluetooth/autopts/download_nrftools_linux.png	connectivity	47865	f32b4da909570e7aa0a74188acbf445f95026c440f904821d1c8dcc64bf29056	asset
connectivity/bluetooth/autopts/download_nrftools_windows.png	connectivity	69420	7e606571058f16b7a4fa49a5921e97af957a13709e7eff87cfdc58f42bc44d92	asset
connectivity/bluetooth/autopts/download_socat.png	connectivity	67302	bf8a61cca6352dc100f7c9f782ed00d6d5b3e1209ef577b02d669043f06b98aa	asset
connectivity/bluetooth/autopts/install_git.png	connectivity	19371	b57f8204a42625c0ebe1eeacc1672403e2b9829ae194720b1275caba6311dcb7	asset
connectivity/bluetooth/autopts/install_pts_drivers.png	connectivity	20271	9c16e488bc3296ad1e55082ffd2b6670a601b579cc232aa8bb98cac658882c4d	asset
connectivity/bluetooth/autopts/install_python1.png	connectivity	174755	c4840ed8f864cf49a72acd3d36c1a9b9c93c29d24d9eaf163cc34ea8d776c51d	asset
connectivity/bluetooth/autopts/install_python2.png	connectivity	172942	8921898e423b79b7a5e307d9486f78b1a6bfc20a7dc28aef9124909c09f9ecfa	asset
connectivity/bluetooth/autopts/install_ubuntu_on_wsl.png	connectivity	137911	dcd74cbc083e35c08e36bf13581135bf9e79540317061129354ef5af6b2785a5	asset
connectivity/bluetooth/autopts/pts_automation_window.png	connectivity	7054	c1d2b159f59e84f8ff55284a43e469ff1c101223d67c10ab84b8255d11e2d225	asset
connectivity/bluetooth/autopts/ubuntu_first_launch.png	connectivity	11323	930a5bd15d6bba787e9b8f0b145cacaeb38031551705804d360c094edf693537	asset
connectivity/bluetooth/autopts/usb-devices_output.png	connectivity	14130	7f57636ede76f7f4d7881b43818c449488d2b52444e58eeaf7e49ac13f03da02	asset
connectivity/bluetooth/autopts/virtualbox_nat_1.png	connectivity	53716	953efab318ad553178a432abb298b3ebc7c310b89d58f046b7bf65cb08fbd67e	asset
connectivity/bluetooth/autopts/virtualbox_nat_2.png	connectivity	12377	a4adc0e56058010d70d8eff2890ff692f7f4727c606df8b88f9056209361f003	asset
connectivity/bluetooth/autopts/virtualbox_static_ip_1.png	connectivity	34515	5f3fb0d4798f972c5485b6b21888c988c5a4a6618a3c59eaf239dda67816bfc8	asset
connectivity/bluetooth/autopts/virtualbox_static_ip_2.png	connectivity	51092	ed4923fff0da9e6dbdca7a99e6b38d1b285298e9d7643fa86b2e6d9a00d02162	asset
connectivity/bluetooth/autopts/vmware_static_ip_1.png	connectivity	53284	5953aad2bb8ce38453d80ea8408706cf36c7fc65f732fb2c5b1c16f1442cb3f5	asset
connectivity/bluetooth/autopts/vmware_static_ip_2.png	connectivity	63196	814562cfef7d9fe2a2b3d3d79b11a4d90a06ec9abbfd96338fd59024b44ac062	asset
connectivity/bluetooth/autopts/vmware_static_ip_3.png	connectivity	32503	6a02369cf8c3f13280307f713922a771b8e06dd55a492a6c0f021fe002437072	asset
connectivity/bluetooth/autopts/windows_static_ip.png	connectivity	28452	710b9b388f171fa9a93b12acc98ccfa7c8ec62530eef37bd0e2780de682a4ded	asset
connectivity/bluetooth/bluetooth-arch.rst	connectivity	9901	61eb0cbb6efadb802bb3ee5822a992ef8939e94aff10944b0b49cbe16d5a48a6	text
connectivity/bluetooth/bluetooth-ctlr-arch.rst	connectivity	11633	941ebe9f518ef403b445e469f2e83c469a17339f01d352c5711f9099fec7f176	text
connectivity/bluetooth/bluetooth-dev.rst	connectivity	7371	36fe39ae710b6acb41c0d1636210929ac318cfd6532cee94a367808b28d95992	text
connectivity/bluetooth/bluetooth-le-host.rst	connectivity	11961	1040f98f5cb87811d33ede62ec620c243697811d999d06e9aa8f5fd3ac1e8142	text
connectivity/bluetooth/bluetooth-qual.rst	connectivity	864	4247f89ce71f6339ad84eb7493b4078eb6a02379df804ee28c0f1f93f3b04783	text
connectivity/bluetooth/bluetooth-shell.rst	connectivity	3300	89dadac41b524b04026f9af651bf6d2646b6edb167f9e9de8530f711822c2383	text
connectivity/bluetooth/bluetooth-tools.rst	connectivity	12939	01130e981c9809d10c1162c72cf0138e0f6c62fee91edb26c50062f79736193c	text
connectivity/bluetooth/features.rst	connectivity	3378	366378d45c6d5d0055560d19d27b33d382756283cbbfc64d5f25a7c3760c14c7	text
connectivity/bluetooth/img/att_timeout.svg	connectivity	9163	e4976a6b4e6d36aa1ad48207de7068c36d9cf5b539bfce7f41ba92103a3a852f	asset
connectivity/bluetooth/img/ble_cfg_dual.png	connectivity	42163	19984c611d8aa31a5bf1b4a4beb2804082fce43916a7ba050b4e89e85585bda3	asset
connectivity/bluetooth/img/ble_cfg_dual.xml	connectivity	2395	4ee2eea67105e317727676825aaa14d7a4f3815fb58bb885ff9f096da094d62e	asset
connectivity/bluetooth/img/ble_cfg_single.png	connectivity	11283	9f6a20a6ebc4d8af4cd27d7c33657a4dd7d1104cc75013aba80f68612c93f643	asset
connectivity/bluetooth/img/ble_cfg_single.xml	connectivity	1428	e30c1e5b3366fb3f606e30ad17ce11dfdf5ced1daeec11287ebcccacc1e9106e	asset
connectivity/bluetooth/img/ble_host_layers.png	connectivity	18795	38063f86e66154f35fb2975c268757eeaf688a170819c44e12235b17bd168f7d	asset
connectivity/bluetooth/img/ble_host_layers.xml	connectivity	1032	bf70b3539d5d29d1a05e2048085668d04689b87ac33fcacde00821a3a72cdd81	asset
connectivity/bluetooth/img/ctlr_arch_overview.png	connectivity	246866	af44d19040fac5ca2b00a29131ad4bd391f3a08aad556a294ea0ae8dbd4ec320	asset
connectivity/bluetooth/img/ctlr_dataflow_rx.png	connectivity	239718	e008492a7ae5435656d7dc9d7c62621406e0a293cb05611be6052d546fb0ea4d	asset
connectivity/bluetooth/img/ctlr_dataflow_tx.png	connectivity	244034	1d7e661aa3bc1a525f31936ee3425a48ce6dff528fbc3a87dac6c93e8bdf9e61	asset
connectivity/bluetooth/img/ctlr_exec_lll.png	connectivity	198647	37bfdf8b01ae3a7e92b3b0fe932c8cf84a582f880b3a6760b520133cf7a7d539	asset
connectivity/bluetooth/img/ctlr_exec_lll_resume_bottom.png	connectivity	59212	a097b005463a9f408fcd08806ded399c1b1c0cc43f5fe3b538f48d522f7f6214	asset
connectivity/bluetooth/img/ctlr_exec_lll_resume_top.png	connectivity	64812	81a61790372008ba8d3023ba1316822b89a4f433da311ede9ef757bc0c572452	asset
connectivity/bluetooth/img/ctlr_exec_overview.png	connectivity	87833	9bb961b3e42b9f2f70c8d462fdf4a08d60afaad672ac872063d257b60d42fbbf	asset
connectivity/bluetooth/img/ctlr_exec_prio.png	connectivity	254150	3451261debfc2994a74bfc90ffebee8480107c15bbf9dcb658f612d0a253900c	asset
connectivity/bluetooth/img/ctlr_legacy.png	connectivity	192740	d4cf10a4adc5478c666ca33bf03488473cf58e3647bad8aa39cd7402ac8fbddf	asset
connectivity/bluetooth/img/ctlr_mayfly.png	connectivity	113952	9165195b1d2108e1fb9b50cf63fe8e572dcbdf5440f979e8685916658ced3d5a	asset
connectivity/bluetooth/img/ctlr_mfifo_memq.png	connectivity	102264	13b5e7ac22b14e284047ebcd98524c007ec00e8b84e982abba323924a2662342	asset
connectivity/bluetooth/img/ctlr_overview.png	connectivity	63150	351511b3d20d84177bd7e5a113737144f68cbcc3834e993ec185256800461dc4	asset
connectivity/bluetooth/img/ctlr_sched.png	connectivity	200084	b5024ba8c9dd47c55428b455106bee869ca53a1eb330bd7155e5eeeabd270553	asset
connectivity/bluetooth/img/ctlr_sched_event_handling.png	connectivity	114018	67192d60d9351e35396329506488ea536678498e971c9c753b7522ae387e0dcd	asset
connectivity/bluetooth/img/ctlr_sched_msc_close_events.png	connectivity	183881	51a1c5c7d1e225b73d37e04249bf9047353ce59c90a906e70b3c570d4faf3cc4	asset
connectivity/bluetooth/img/ctlr_sched_msc_event_abort.png	connectivity	142078	f952bc3473ecf926379ae97827ecd2905fc36d202b3b61e5abbd65809352d59e	asset
connectivity/bluetooth/img/ctlr_sched_msc_event_cancel.png	connectivity	141793	63fb240a8b43b217cab3ab65acfa5c2ab801cbab6baa2dc67c1f50ec02863aa8	asset
connectivity/bluetooth/img/ctlr_sched_msc_event_preempt.png	connectivity	174773	5fd3f72f81a137cc62895258808236e9a2e5f048caa944abf7454e8a59c0718c	asset
connectivity/bluetooth/img/ctlr_sched_ticker.png	connectivity	97123	65a599da44502e6e235a1de66e79b8ad05a253b9b390e71a60bad82a5f3dd7bd	asset
connectivity/bluetooth/img/ctlr_sched_ull_lll.png	connectivity	128562	ae35cb8c038040e741902bb33bab4b9ef64336a434a368786aaa0731ded76444	asset
connectivity/bluetooth/img/ctlr_sched_ull_lll_timing.png	connectivity	180622	7d45db18ef8ce08ca8e5985a21e78baa59e8046d24856d7c749a3195c08678ee	asset
connectivity/bluetooth/img/ctlr_sched_variant.png	connectivity	85284	581045d6c2d725fa63296953ef47f33281c2385c2314f6c36410814c25f4047f	asset
connectivity/bluetooth/img/l2cap_b_frame.drawio.svg	connectivity	68169	4d536be38403050e1993e7949efaee123e5890de51d7992fc61835c776bde609	asset
connectivity/bluetooth/img/l2cap_k_frame.drawio.svg	connectivity	82157	2170d1f98ea949f35ef0913277a69216f1f38ddb27afdfe910f172a960efe5b6	asset
connectivity/bluetooth/img/l2cap_k_frame_1.drawio.svg	connectivity	102303	e89e2a44412f18d74f0c5a41604e7c8a83ab4d2894790857c0115bc312a1d7d1	asset
connectivity/bluetooth/index.rst	connectivity	668	2eadecd4991be629ffbd56d6b35b00200994535d0d485feac2c3167d7ad9a5a8	text
connectivity/bluetooth/shell/audio/bap.rst	connectivity	21264	c428f69ae2b4b2b35203723ee5993a3f4add45209847de26a8b1266987933676	text
connectivity/bluetooth/shell/audio/bap_broadcast_assistant.rst	connectivity	5397	603b206a2e876823cd1a6273b80dd1f81944406c3d9a6257aff22f6c5f609abc	text
connectivity/bluetooth/shell/audio/bap_scan_delegator.rst	connectivity	2561	2f49246789d5a856018fe3cdf229553ee3935bc9e00b0c488859bcdcc7c8f685	text
connectivity/bluetooth/shell/audio/cap.rst	connectivity	17663	dbcc4e4a15b14e92ca3722d0b713672132c3050bdeef6b438f7e72eb99a0e09d	text
connectivity/bluetooth/shell/audio/ccp.rst	connectivity	3143	56e7483c88b9a0cd5356afa637ae7c6ae32ce93ce57a8fea171e96e9e5d9f65e	text
connectivity/bluetooth/shell/audio/csip.rst	connectivity	8169	91022fabf6709e99b24e3df08540f6b8772317e2e7608fcccbfcd92c7c572b6a	text
connectivity/bluetooth/shell/audio/gmap.rst	connectivity	3200	5bf183c5ce6eae20bdcf5eba283aedd53338db23fbc844ed56718eb99fdd2e28	text
connectivity/bluetooth/shell/audio/mcp.rst	connectivity	16016	aa478fde297aac55185527500ffcb2d42fb81968d1167325bf84b8737e455644	text
connectivity/bluetooth/shell/audio/pbp.rst	connectivity	753	433dc3ac56ef4fa03f6f0ecf1b5969701c25c414024ac51e37bf159337a0c643	text
connectivity/bluetooth/shell/audio/tbs.rst	connectivity	10929	db3aa57aeb23297c525ed51ecd463263fed9f45a9bc386fbf903f82e28d81afc	text
connectivity/bluetooth/shell/audio/tmap.rst	connectivity	820	37750ae242a1f43abf0dddb1c50960df323e4172a8df86db8fbf485aa0b50f05	text
connectivity/bluetooth/shell/classic/a2dp.rst	connectivity	8112	9be00280aab1467a819b29148c720067981a41ba00ba0ce4474f484dc026c6c7	text
connectivity/bluetooth/shell/classic/avrcp.rst	connectivity	22090	ab6f6ebb2e1c31c92dc4dc8bd0a2f36190c9b4f26922a2bab30244bc28c7c93b	text
connectivity/bluetooth/shell/classic/goep.rst	connectivity	7092	0eeb703feb1db570d8660762f5952cdd0a85c880d07f5dddd7b0071ecf4728f8	text
connectivity/bluetooth/shell/classic/hfp.rst	connectivity	12232	8f52a905aab63fd881ebbac365d0408befe5585f3802f356a01ea9f02b4427aa	text
connectivity/bluetooth/shell/classic/l2cap.rst	connectivity	5397	37d47eb3c7197342c245738106a1bc1f1a410e3a771c0eb7ed5bf2c600f9e970	text
connectivity/bluetooth/shell/classic/rfcomm.rst	connectivity	2247	b3c9f802787caa5d675659e9719d5db72cb7fc639f40fcd3d9d3e2e799200a6e	text
connectivity/bluetooth/shell/host/gap.rst	connectivity	15676	ded86d25d92a1d997e462c5ecb1ed9d5b281ae4072af6972093132c9382c3bb8	text
connectivity/bluetooth/shell/host/gatt.rst	connectivity	1087	2b320e1d4a9e91a632f31b0ecd2da362bf55809d951114b3e169083ab3e30121	text
connectivity/bluetooth/shell/host/iso.rst	connectivity	3404	ce7619e896c829707a75a04350f4f49bd8e3277e6867297499ef9af986d956a5	text
connectivity/bluetooth/shell/host/l2cap.rst	connectivity	1630	3212506affadbe15485ce2ef132a403e6220f1f992bdc6156cc95335951c1ba4	text
connectivity/canbus/index.rst	connectivity	145	4e27c09617fee54acabbdb86a9826e9f1eaad6be52b3c25db2d1ea067796ac4a	text
connectivity/canbus/isotp.rst	connectivity	1846	8f979b731bd29c85db6e288942d7bc351e1d18d602c9e6d6d72bd9ebb1613f68	text
connectivity/canbus/isotp_sequence.svg	connectivity	66943	482a0a09a22f51870b7cefadbde81b532ce1e89695eb87f4e677ba9aee4deaf5	asset
connectivity/index.rst	connectivity	206	dd69294312333fd7533c5c0a157afad108de00633db904f074a0a4b91e93c7f6	text
connectivity/lora_lorawan/index.rst	connectivity	2493	0772d22c8391316ebfc1e5dd2340efda5123ae7ef29380395aa637abf2b2d450	text
connectivity/modbus/index.rst	connectivity	1506	0caefaa78315a1ccdd3d494e421ee5199dd2c17b499d29b5172b88a251b1c0a3	text
connectivity/networking/api/8021Qav.rst	connectivity	3274	87b62ea70dbfa5c8b48feeec0ea4a64ed1cecf0f2de66f0e9bbc772a98552e66	text
connectivity/networking/api/apis.rst	connectivity	305	e7452d3e8418fc775d43cd7eff57d0eb3cd8365296a7cf349164127b9aa5e328	text
connectivity/networking/api/buf_mgmt.rst	connectivity	117	603da2079a78674f528088d8ef569ecb70d6234f17edad6e2333a40ab2b4ef0e	text
connectivity/networking/api/capture.rst	connectivity	4301	d581e23d695749a5a473cfe4541b56293364de3545c9a18ba11c2079f7f016a6	text
connectivity/networking/api/coap.rst	connectivity	6980	7e5c6efa315cf9a8808ab106a02468eb9db0cba82ffe781d4dfad19ac2baa594	text
connectivity/networking/api/coap_client.rst	connectivity	5247	c623ba4d47a0a5663787b989cebf56c3412deb4cf961a301b18c03dba3875882	text
connectivity/networking/api/coap_server.rst	connectivity	9728	6cc13bd0a52f9eaaf10c21898bd971590acc4f4504965fa9dc83d791aa2c3cff	text
connectivity/networking/api/dhcpv4.rst	connectivity	745	28408c9b7fb2240158c4599755707cc1a3bc53c1eaa3fd7cecd729ab86f4b9ab	text
connectivity/networking/api/dhcpv6.rst	connectivity	624	59b2d00a8be3f613c4d2d373044ab4056958fe8f3d64d6ca333528bc20ed7ce9	text
connectivity/networking/api/dns_resolve.rst	connectivity	5401	f5cdf54b3d2ea39783141d51fa020d1e4da1dadf4fa5c04baee4bb313d599093	text
connectivity/networking/api/ethernet.rst	connectivity	1150	088465a25685153e06e103434d88c17137121a8df0140f13d6d16675cac54d12	text
connectivity/networking/api/ethernet_mgmt.rst	connectivity	948	e2d7e65f18c1dc0711e031594d4417fba75d82f83fa01d42e001d3491cb08d2a	text
connectivity/networking/api/ftp_client.rst	connectivity	1128	740e186d74bae4e9bd31866c06ff6e0636e0a3a3574f0b39eb59d4b2762cbe6f	text
connectivity/networking/api/gptp.rst	connectivity	2378	4df556535a357561563f983b52c118ced99310f92c70d0efc4e345ef9a02e9ee	text
connectivity/networking/api/http_client.rst	connectivity	2412	369c97d8b35ce324c04e407663d0eb930b1454e3c481f68df5c12b21dd27b3fc	text
connectivity/networking/api/http_server.rst	connectivity	19100	e48cf101c3718a28a98cc7b9fa92295ff8081242772de9b832f9b293993c9fbf	text
connectivity/networking/api/ieee802154.rst	connectivity	5733	c771e0a7b66c196b4914780e116057629532b6ea3eb7ed8bf21f19d21064e7fe	text
connectivity/networking/api/images/lwm2m_engine_state_machine.svg	connectivity	139532	e393849c39a3928261088259a3137c41fb437a0af3c6670d165736b8101c6af8	asset
connectivity/networking/api/images/lwm2m_lifetime_both.png	connectivity	17612	9f154c21b015562da3b1a5e5ab6c7a90ab2c66fcf358f88376bb970e80a26fea	asset
connectivity/networking/api/images/lwm2m_lifetime_seconds_early.png	connectivity	14563	8629914e95305a707910fea495a2e906209ca0b2b1de06ccdc81aeb42c468bab	asset
connectivity/networking/api/index.rst	connectivity	681	a06819e1b5e509f2f7c670642b49817673a136ba6f0bf8c439aae7a2d0ed4f16	text
connectivity/networking/api/ip_4_6.rst	connectivity	283	7e9c5e44e160de7422cb5d4834eccdcd2b547094a7355b9046302f597f53bdd9	text
connectivity/networking/api/latmon.rst	connectivity	3939	e57b4b3c6da9dbc996016c261de34e3b80d1a37cf37e5d740787a75637030fa1	text
connectivity/networking/api/lldp.rst	connectivity	510	8f3ff1fd00341cc9b288c4d52cd97832c93dd229107f3290aaad2f5572de2ac1	text
connectivity/networking/api/lwm2m.rst	connectivity	29919	a71988e1f84a639168c0740824a64b3ea7a1ff43f68afb94520c54206cae80eb	text
connectivity/networking/api/mac_config.rst	connectivity	4856	de42731641e2fc20c29c707229de949a351d0f5c7aa5d7321b831cad6ebbce73	text
connectivity/networking/api/mqtt.rst	connectivity	6365	4b62e2c28ae6d2221284c0837959d6c7a5e9ad188ee5e283525c4f93dd7b435b	text
connectivity/networking/api/mqtt_sn.rst	connectivity	5801	5bee79847d1a5caf7ae8004f38597d906882a52358ccae592edf8eba94c2a956	text
connectivity/networking/api/net_config.rst	connectivity	4153	562346a444ed2b827bfb012bd3f3cc391dda61928345fc4c0a4ae428a6e9230e	text
connectivity/networking/api/net_context.rst	connectivity	186	a16f9c6888b2b2fd6cefc44522f8488dbfeaab08ecd4ae2e816f96d303161988	text
connectivity/networking/api/net_core.rst	connectivity	740	ca0d73028b1e43ca28f778a66df6ce4f4a8dc7e693e7ddda5f1faa4a064ca9c8	text
connectivity/networking/api/net_hostname.rst	connectivity	1635	438e98ebd51ac6545a75f83fc071f48ffffa0e6f4ef4cf241f3500035aed4edf	text
connectivity/networking/api/net_if.rst	connectivity	5541	26c8d0b131e83c0eb33c81afe2153615f30ae5c8775f8972b66bb5401c9e8470	text
connectivity/networking/api/net_l2.rst	connectivity	9137	4f20829cb499c394c7936a394cf86ecb868ced23694cd483513b7de075c38cbe	text
connectivity/networking/api/net_linkaddr.rst	connectivity	458	5c47e6fec25cf179d49e45c256eee38ff700751f05d88c216d594672b21a800b	text
connectivity/networking/api/net_mgmt.rst	connectivity	7494	61187f4d79349b932667937213c590f1f6fdb85d8a28829f4d8c710eb287b8e7	text
connectivity/networking/api/net_offload.rst	connectivity	1044	cb089741bb475970de846c8c59dca8f8264ff0d41f1b7b84ad0ee91d554d7c7e	text
connectivity/networking/api/net_pkt.rst	connectivity	13261	b7f80bb20ff8ab78aab4889cdf03086c9579acacfe836c66d9bf45d6146fab2c	text
connectivity/networking/api/net_pkt_filter.rst	connectivity	6469	e0eb462360170bbf938f3ee09cfdd6e6d9a748240ef9025fbffb5f01b89bcebb	text
connectivity/networking/api/net_shell.rst	connectivity	2684	2c807df3ca41249ea5be64545af2ac53454802b912a2174ab9d3732c5134bd50	text
connectivity/networking/api/net_stats.rst	connectivity	1334	7aa2d0f33a3f16dc785dff3b8fa9c03f7ebdf89d49a0f426fd784194b3b80f6d	text
connectivity/networking/api/net_tech.rst	connectivity	189	d16450da7ca104f81460e3c71864c4dde77dab290ff73f5f94f96d05983e077d	text
connectivity/networking/api/net_time.rst	connectivity	180	64b46159db51fc8699c6cfe259f825577b68e7fc777015947dd66cfc8a59b14e	text
connectivity/networking/api/net_timeout.rst	connectivity	2469	fbe87267f6d3a5419445fdd155586d73e9774dac0dae5ca0e67b22c162ba930d	text
connectivity/networking/api/ocpp.rst	connectivity	3711	4c408cd3374a3def45c9aa9195f62334d43c9c0ca7eeb61c6cddeb17988a31d2	text
connectivity/networking/api/ppp.rst	connectivity	1315	362c875869c24dd66aa08f9905987158116f7fcecd344eeb15df9a63b2e53f43	text
connectivity/networking/api/promiscuous.rst	connectivity	1922	1789df6a2d7f1ee5f922ba652b04846cad28642fe1ba9e5ef839b905d9de2851	text
connectivity/networking/api/protocols.rst	connectivity	209	48f188c397e9e99b1c79c55dd13dc644a364045851b5b3b9287072ec067d70a1	text
connectivity/networking/api/ptp.rst	connectivity	4634	c77b4c23cb573bcd038a94f1c47975c03a0a47ff3db7a31454e98ffb5c5f8cb1	text
connectivity/networking/api/ptp_time.rst	connectivity	469	c573b6a2fed1fd158a98d1ec46f14f3164ae5aec7e7e942a07a1c451f88b8f3e	text
connectivity/networking/api/sntp.rst	connectivity	316	bdddd6e9da6635cd38be4f06491c40e01de58eac025cd07dcfeeb08574e6087f	text
connectivity/networking/api/socket_service.rst	connectivity	5982	ffa2ccc02794aaea7ab04d221488f0485f89d9835206f6c322b593a8b636d5ac	text
connectivity/networking/api/sockets.rst	connectivity	16353	dd10ed9a974ef0f32d535070cd19eb7ae1f1ac64e29698c3f2c8c19bb948b936	text
connectivity/networking/api/socks5.rst	connectivity	1273	967f5940b5e0f37a5a63e5030d475c75b909dbc15ab1fc5c36e136456c57bbd9	text
connectivity/networking/api/system_mgmt.rst	connectivity	364	a35c5c7caa298f28c29cc408e10ac8231e032389a860af2c6dfc56796e498551	text
connectivity/networking/api/tftp.rst	connectivity	327	588f554aaeb487903fc09730b02193ae2f70a86526a4ce77fb88cb5f8200e4ff	text
connectivity/networking/api/thread.rst	connectivity	5386	9f95a4228920fee8db34c8ae9757ce4e12957df38b31aeea6d236e0e1e8e1be1	text
connectivity/networking/api/tls_credentials_shell.rst	connectivity	9829	3b15052f33f33263fd110f5c2a8cb39b4b8d6a4cc8a014c6e36e9a4d78ac17ef	text
connectivity/networking/api/traffic-class.rst	connectivity	1335	b2b4fee42d8a62138644dbfd5ff0edfe1cadadc4c5a9ef7dc2ac0c98306415bb	text
connectivity/networking/api/trickle.rst	connectivity	425	add3acd8cc29b858f36bf94b718476af743d307288a55dcc518b46fd83b810f1	text
connectivity/networking/api/tsn.rst	connectivity	152	43d1599d948f2504fb43cfb0106ddeb4d3327c93ae276d84581470661b84837c	text
connectivity/networking/api/vlan.rst	connectivity	2298	95e3d88cd1061b3dc94766d8e432cede18336f7328033c0d9a50627c53e500e5	text
connectivity/networking/api/websocket.rst	connectivity	2256	b9809486fc73a2e316e58f207f070f648c6e99a70c95ee426859006e866f4039	text
connectivity/networking/api/wifi.rst	connectivity	10089	6c340ce50a469eaf2c93da02abe72ed3eea2af9d4847282c1cc0a38aea0bf7fd	text
connectivity/networking/api/wifi_credentials.rst	connectivity	4161	6b7e5dc867be273ea4d6be81780a113e734f7e6297ffe2b0bcd19fa5c814bb61	text
connectivity/networking/api/wifi_crypto.rst	connectivity	5910	54b16bbc2b7016b9ef204454f845f612c1c85df25f4f1cd7a028fb4085929556	text
connectivity/networking/api/zperf.rst	connectivity	8435	9bc3ce496b4b82bf83ad858aafffc1ee1bb40563bee081a02283617be61fcbff	text
connectivity/networking/armfvp_user_networking_setup.rst	connectivity	2036	e08a4862be90438d863ae5033b4ebedadd348f6ae131b3b5964f137387305341	text
connectivity/networking/conn_mgr/figures/.gitignore	connectivity	33	7891742ad3f7379999f4816cd2c3fa53e25143697c2a7955b7dc86326a407587	asset
connectivity/networking/conn_mgr/figures/integration_diagram_detailed.drawio	connectivity	19770	50526562e590dd814bf4450f8c0c65d7256b424ce7f6c7a4e8379134f1b89a5a	asset
connectivity/networking/conn_mgr/figures/integration_diagram_detailed.svg	connectivity	35783	b51064b51c6899343446de25068045ca330a20d2ce4798a24a6576f249625701	asset
connectivity/networking/conn_mgr/figures/integration_diagram_simplified.drawio	connectivity	10446	b88df76dfdb00caf8297668c085839f456ec359a040e50a34e26b8e076391193	asset
connectivity/networking/conn_mgr/figures/integration_diagram_simplified.svg	connectivity	17989	92ec7b19f90486a94692795ae99ae445ef7cfa2a5b19c97d0b5ad9a4389a8458	asset
connectivity/networking/conn_mgr/implementation.rst	connectivity	22877	75637ea286daf13bbbd7d71377960cb481a64f0c411aaf450dcfc8db8cd93eaa	text
connectivity/networking/conn_mgr/index.rst	connectivity	123	6f6f8f5470eb4e2953c0fe6d9eab8887c4f4f7b1e9202dcb3f4df40546c1c150	text
connectivity/networking/conn_mgr/main.rst	connectivity	20871	4f08b1983ebd8858cea71e8344cff0bd1e3b151743b51ecbebdd8324addf1ee0	text
connectivity/networking/dsa.rst	connectivity	6139	9411a06483525ddebc279c28458bd295c844045f0dd24ee016fb15ac9f352be9	text
connectivity/networking/dsa_txrx_process.svg	connectivity	191404	e03e60f8ef5165796a6e4d7b740c6bb29eb8276252d98fc93a67803333fa9c9d	asset
connectivity/networking/eth_bridge_native_sim_setup.rst	connectivity	6711	64bdd6ca81fffa0e424e3f98943bd84f0b1f352b4950f57710d0a9b4e54ab6c4	text
connectivity/networking/index.rst	connectivity	477	20d2d9acfd74dff73bc1edd0cc29356ccc2c6ed118284e6ed170e1e1bebd3fe8	text
connectivity/networking/native_sim_setup.rst	connectivity	5128	067e13a8340479d13515752ec93e0dc976e12ba284d9135a1e24b496f3326b63	text
connectivity/networking/net-stack-architecture.rst	connectivity	7109	9c88cd37b7cb345e092bcbcf24a42d46192042cdeac17d9dc263fad9d1a1ee26	text
connectivity/networking/net_config_guide.rst	connectivity	12957	7ef9673cfe7ad7be6cce9a7a34b815a9d2282a51cc0ec658c7d92e144f57018f	text
connectivity/networking/net_pkt_processing_stats.rst	connectivity	3924	51a0a05ed582d072c4402094fe55e368c11f0c6b9a1428563f3b8855157fc7b4	text
connectivity/networking/network_monitoring.rst	connectivity	9313	e1ec9a69f576df9f43425d42b39070dcd3cea33b4a4edd7caf63e1e44c938364	text
connectivity/networking/network_tracing.rst	connectivity	1032	5710a57f3cf6179a14abcb65fb37d985ac08153c7e6a78199bf0c01150f90660	text
connectivity/networking/networking_with_host.rst	connectivity	3863	8197a9bdbfc5db8e06326d2291a31af9f8141b54210ec9ea5fc06d8d6c369eff	text
connectivity/networking/networking_with_multiple_instances.rst	connectivity	6764	91cdfae9bff94f4d61d80abb03b64693749aa667ccebbc9130fd7a925fcb6460	text
connectivity/networking/overview.rst	connectivity	9726	1b1721728a6f8fa332ef3e0f87d23c152ab1c598ae2a0c83cf8df9fa22fcc4d8	text
connectivity/networking/qemu_802154_setup.rst	connectivity	2126	84d4b3414e61c3f63f60cfc81bed3457fb19e3cac4fa034e1099e432493f3190	text
connectivity/networking/qemu_eth_setup.rst	connectivity	3168	78d298789fc512ad361b9e3309b7c94479d0ac239c968ca693ee2b4b4f2c79c6	text
connectivity/networking/qemu_setup.rst	connectivity	8267	69cd383e2d94f89c10cec3c0930b7c9107a05b58adf1cc2b85bb9ea62db13e53	text
connectivity/networking/qemu_user_setup.rst	connectivity	3543	c4cfcfd36c63f3943bbe651d3538e58a7a1772a6a2c169a18907cf593d33d636	text
connectivity/networking/usbnet_setup.rst	connectivity	3357	d4f0f023e09fc728c115a1ba1fa55cf8209dfa7c63afd9824b1a0b95e43d88fb	text
connectivity/networking/zephyr_netstack_overview-rx_sequence.svg	connectivity	54018	66de8edc1e4f66bf0717a4027e01a8e985a082d06b5891e088d250a1e0ea49b7	asset
connectivity/networking/zephyr_netstack_overview-tx_sequence.svg	connectivity	51872	0feb86fe0ce64e0822cfa822e8a200310bc2b20d7dabe9c34ae0132f3c7c3708	asset
connectivity/networking/zephyr_netstack_overview.jpg	connectivity	44584	5797c6292ffe22d7b2089cf4de0dfedc5298e191c7211eb4838bd643426890f2	asset
connectivity/networking/zephyr_netstack_overview.svg	connectivity	28554	60c7758e850429d91d2b3ab4fc5ceec3a9fa40c60e51a9cba8997e319184ae4f	asset
connectivity/networking/zephyr_netstack_overview.vsdx	connectivity	114906	78cf1bdf3b1d3f7171fd0c66c7a3397f38600e190c95d71b655caaa323eb8848	asset
connectivity/usb/api/hid.rst	connectivity	615	ca3c2c0d81d04991e7d22af2a2e41faa59565f318bea5251032ac2e5757e20de	text
connectivity/usb/device/api/index.rst	connectivity	195	e7749852f17dd15ed962273f188e87848bb27bf04f830234e0d8b0f62bbb7d0d	text
connectivity/usb/device/api/usb_dc.rst	connectivity	464	0fc085919643cce987d7061b15105981fd7a02c195c2921d18b287e72f4568e9	text
connectivity/usb/device/api/usb_device.rst	connectivity	1176	636c68d5d8a9bffad64e6bdcde162a6f760d0deae778cdb385d9c8661deedd59	text
connectivity/usb/device/api/usb_device_bos.rst	connectivity	190	f7ca6d0af6566dd4e86d9388b7e095bde5c2bfcec4743d99c6d4fabef483b8f9	text
connectivity/usb/device/api/usb_device_hid.rst	connectivity	254	b0149d7657756276c32f2a77af5f6781cc3735c05400ce7f77cb032d5925d57e	text
connectivity/usb/device/usb_device.rst	connectivity	23304	b265d62e6f5a845cc4ab7f8623fd0c3b06d6cd7c9b248769fc268c34e9468d40	text
connectivity/usb/device_next/api/index.rst	connectivity	227	7bebaa130e7a1a9b1af5c8b84aecc4a04ca6e12c27363f003b56f937e2676a62	text
connectivity/usb/device_next/api/uac2_device.rst	connectivity	231	cd6d0e78f04025bc6d59a2c7114dcec131a13528020725ecc612d7635d038c18	text
connectivity/usb/device_next/api/udc.rst	connectivity	589	ab015f9f1a688475adaae3cfb1f89ca295a5899b89cd1f0a9a2522b31e455e7a	text
connectivity/usb/device_next/api/usbd.rst	connectivity	221	3ef645b9841390ba9cb9a5b29b15bf0c08563d37f8f50d65cad013acabb6088e	text
connectivity/usb/device_next/api/usbd_dfu.rst	connectivity	202	da1d6ee1d12f0b5f03870b5618bdd9a75077693331bcec76255e53a7c563d6ef	text
connectivity/usb/device_next/api/usbd_hid_device.rst	connectivity	204	121c7d59b8d599e9fae1f1cb2ad9947ec2f288af7a953d9c42ba3aff532e5b2b	text
connectivity/usb/device_next/api/usbd_midi2.rst	connectivity	254	b1ff9bbddf7eb9efc6a2878742e2a0d5c111d14ee409f6d803afa0cdf22a5b90	text
connectivity/usb/device_next/api/usbd_msc_device.rst	connectivity	252	f032b456cdab31c4ca7321b41f23beac5f678fb9ee21805d6244c776159fb26e	text
connectivity/usb/device_next/cdc_acm.rst	connectivity	6662	be9b502ce390e9032019bbb92c4f74b4ecc247c3822b516b65a6f99ee929d76e	text
connectivity/usb/device_next/usb_device.rst	connectivity	10137	4f806ec153c9bd19a76b7f2709bd88072dc4a30f3b635e6d24de42a8d5b744b3	text
connectivity/usb/device_next/vid_pid.rst	connectivity	2935	bb7442fadefe17b71219377541784323d71e15c11f5b999b9de6a0863bd4601a	text
connectivity/usb/host/api/index.rst	connectivity	105	53637dfc85d8cd466722b889da0a1749f7587b85ec194353316b3240b1924898	text
connectivity/usb/host/api/uhc.rst	connectivity	374	d49606bbb8be8993ce2857db641b944454ad3f51f2cc13bbd1057aaa6371f73d	text
connectivity/usb/host/usbip.rst	connectivity	2740	cf91e7436b2e5b83005dfc00ce86477ad264ef8e19dc6e24ebcc91a4e70edf1c	text
connectivity/usb/index.rst	connectivity	498	7f1263fafab8a5f39b74274275897a21b0ad0f66b4a6e6643edbeefe7d842284	text
connectivity/usb/pd/ucds.rst	connectivity	8599	267cb920c2a2d6bea932ed3f61904ad36f04577cb2e17f5d7196706e9bee4e1b	text
contribute/bin_blobs.rst	contribute	11589	c11405651ac8dafd3a23d06d64e480f5f02cba76a367019156f17f85aec2d75b	text
contribute/coding_guidelines/index.rst	contribute	67592	a06e0617a4955ac4a891c347fdc4dcc6615d1952118ebc3578fa12cfd5f47ce9	text
contribute/contributor_expectations.rst	contribute	12449	c1b9de83c773cf54d55ee8d046e74effeaf22c0b7166cc3456ae2002326c6026	text
contribute/documentation/generation.rst	contribute	11037	60079e71130577430f61f285996dfe820c2429a336702337c7001e4b7f5b5571	text
contribute/documentation/guidelines.rst	contribute	47001	e48ac4dba761879d6ba8af6d9b865d6bc25130eb8a6cf3fc784ed4c3bf49dd9e	text
contribute/external.rst	contribute	11691	3855d80a8d17b66cc626a1ac77f57dba62cff321a3eef0a5d544ccc01891dc9f	text
contribute/guidelines.rst	contribute	41641	ad96851ddc9e1b7a292701a93d14e35365675f8a2d7852d60bff48979326a227	text
contribute/index.rst	contribute	3928	018204bba443992b1c768d1843a62071b7dcc7bb89383b201cd0d7e286ed8cb5	text
contribute/media/ext-src-flowchart.svg	contribute	23227	2a15ffa1d9181b03c71035210e2ddb2f2a582d28815fb135131248384d81b012	asset
contribute/modifying_contributions.rst	contribute	2902	f3edc237472d90ddd73ebcc0f4413347722527fbf5129876b42753b6b8a3c271	text
contribute/pr_lifecycle_policy.rst	contribute	4025	7131675d46f4f92c76ade4207c5d9f426f13bccfb4735e3d85bd88509adbe7ff	text
contribute/proposals_and_rfcs.rst	contribute	3238	fa06bbd8640f86f8bf4a4967991971d36ab9a4e0462ebe6b10fc1d88889f4542	text
contribute/reviewer_expectations.rst	contribute	4295	258d0f3c13379f39af4e5fb8f92b1619d7f870bf5b42fa163700c45407f38364	text
contribute/style/cmake.rst	contribute	3456	8724382af588c26b0f8066c378a565fe2265c215a9674d3672a4d9127908fd78	text
contribute/style/code.rst	contribute	1703	67817d170e6b3453b13a3e7bba7c6a2492161aa10768013376675549c7760416	text
contribute/style/devicetree.rst	contribute	1309	0cd4c5d521937e587ef3cea79e42a529b27cdcf931fbb6379a43d31f0a466fea	text
contribute/style/doxygen.rst	contribute	14163	4b790197f9591041c92ba43712df09f056ac4dd9603b9aaf737087201f5bf317	text
contribute/style/index.rst	contribute	4018	504f117c92550cbe505c231e6267db63b3ff245e634ada53ffcc457997fa9290	text
contribute/style/kconfig.rst	contribute	5646	9be60d211ac5e4e5db71a6a73f8e4a22b013b864e71cadba6e17b4e563cd259a	text
contribute/style/kconfig_demo_complex.txt	contribute	961	2e41682decb829b25ed46848908886c8c62d8068116c5c27fa3197956db6c313	text
contribute/style/kconfig_demo_simple.txt	contribute	435	f1562153ceadb3c84a3a37c3bb66ed1c7476f82a7e21a13e30ea2edf4d6229a0	text
contribute/style/kconfig_example_driver.txt	contribute	323	1b1a34d7e27287972d7da5015f58fc8c8575353d1b59f2e9b776b63402402445	text
contribute/style/kconfig_example_sample.txt	contribute	299	25e7be6a65e0a1f6f194b5980537f5cfe4062e7eee31da77e651876dc04a9b17	text
contribute/style/kconfig_example_sensor.txt	contribute	398	d2e3cf6826082d4cc02aa67cee623cb361893db19ceb6237195874f6f398f0e8	text
contribute/style/kconfig_example_soc.txt	contribute	521	9936c518431e8f8348176ea20d74b000d1ff0c0bed52f8081016946e84f5769e	text
contribute/style/kconfig_example_test.txt	contribute	244	73f0ae53301bed451a24fb6138aff28ab9e6eacecd87d690fb954de6b955ed67	text
contribute/style/naming.rst	contribute	812	977478e5cbdb40051237cf60ff44f25b738a97ffa17cead3874ff13e7965cc4e	text
contribute/style/python.rst	contribute	1241	160004ffca98200747cc61d7d9266c46cd77bf68117f348bb6fe81c7d2527a1d	text
contribute/style/style-example.dts	contribute	1174	70021372bc2491de53d943ab76504ebe00e3c3a17d47c95ea82f8d72ab27bb26	asset
develop/api/api_lifecycle.png	develop	57894	0ba97b8244776a8838d2058b443c7384f6afac076ba59f126ff04f69709fd3d7	asset
develop/api/api_lifecycle.rst	develop	11521	3438a5f372f0d6635e6e9a44f75c061f416f932c380e024ceee3dc99b91f47e0	text
develop/api/design_guidelines.rst	develop	5373	fca35184901cf1c3e2b3351a18466a7413483ab9b524ada140c7194115eaef57	text
develop/api/index.rst	develop	228	0edeba8e094066f0d053b46a8a9de98a5161f886fa24b8e571734d9979bc8176	text
develop/api/overview.rst	develop	2339	33f1eb52217ac79032409c0eab5b9360c6931ae3d454ca249bb0dcda00ef581e	text
develop/api/terminology.rst	develop	6973	e6b873f962fde14ffb384960ea230ac7c1e4f0715feb6c31a3bebd3a82c6bf3b	text
develop/api/vendor_interfaces_policy.rst	develop	4376	be453a25e7c0ab3b373b2bd745630b0b777f7fb7355869d92cd83f95369eb04d	text
develop/application/application-kconfig.include	develop	480	01d6cf210e49d09bff9302a71f7834f812c92ed69004e0e1c58c54c3fec60b84	asset
develop/application/index.rst	develop	47985	270139c08ec8d4b497338abc89b514a928963f9f0084c9fa4a21a3556cb4c10a	text
develop/beyond-GSG.rst	develop	14573	c147b9d43803056467d14510d248daaeaceff5dfadb23597cc3144753d8eb0df	text
develop/debug/index.rst	develop	12530	3f54def3fe66da5f184715c1597a13517212aa4ce0b68cab552fa769f01b2575	text
develop/env_vars.rst	develop	7353	c68ccd46981be6007184a13dde06256e1f3ea98d538fa7feb96cbd981630913b	text
develop/flash_debug/host-tools.rst	develop	26020	d1d2f382847e8aceaf680e91921a0bd45544dfee3588d37564d77d87c326d79f	text
develop/flash_debug/index.rst	develop	156	0679690dd2856ee67210932f03e751341631ab2f4e141e2b72d1775bc377320c	text
develop/flash_debug/nordic_segger.rst	develop	8521	c1a9531c775ec8ae62ba5a3a61f75884e4f1d109b0c7c4027d1d1dca846ff888	text
develop/flash_debug/probes.rst	develop	25656	4984a36d9fc41b5558b695eee5e06144abb5d57abb24d481183c791ec578e94b	text
develop/getting_started/img/ReelBoard-Blinky.webp	develop	43884	9ffc56b578ed4a81d9c386c50ca878d6070653ab8b97fe7825198f6cae19a85c	asset
develop/getting_started/index.rst	develop	18935	126cce7bdb98b7ef93bf1084cd3efcc4e74eebaa13786cceaeebff04ec722bc2	text
develop/getting_started/installation_linux.rst	develop	8662	0e31eecb443b60b1344107f96881a924f190d2d170f3c6330297cf7d1263d76b	text
develop/getting_started/installation_mac.rst	develop	1750	5dc4c5e02eef01c9f2c7496c4b97e25fd6480e13f6717973f7c3809160a1110e	text
develop/getting_started/installation_win.rst	develop	1432	a052406bdd6459f1b5e11c6bcc13b01d502182947b1f8c55d5e6eda11bef29b1	text
develop/index.rst	develop	388	b90feb68ff0fbe805f54dcae655da30c3e5b4388f494c377aa7a9f59c45cbbcf	text
develop/languages/c/common_libc.rst	develop	2143	9d637cbefa7893cf8385a23621048efeb6795869524834224e2379181baa92d4	text
develop/languages/c/index.rst	develop	4455	783b087499dbadd110645836ed24691daefc0e5e4830e590e1c41b179a137374	text
develop/languages/c/minimal_libc.rst	develop	2658	a47c0181444e6fcad44727233fecf906ad703937f6b9f7e12ea0ec0a98f2b058	text
develop/languages/c/newlib.rst	develop	5315	4dd51f1400025fefd59393b945edf787dbdc4276f5b6d37d2d0359dd1bc4a778	text
develop/languages/c/picolibc.rst	develop	5837	04861e0ad96acd1b153769614f75c16380fc831ad7bd4f65ff5ebdb7caca94d4	text
develop/languages/cpp/index.rst	develop	11715	654a56fa12927f62f67753e12cf0310205d08b38371ce344672fcf0a7de8a08c	text
develop/languages/index.rst	develop	138	186352b93811b2dad71de2351312eac98383be52d7433871c555601b7f7791a5	text
develop/languages/rust/index.rst	develop	3687	fb089edb8eacaf1e7e76116a1509d00fd6c6f8ec86c8a3b59b8be51e37000c11	text
develop/manifest/external/arduino-core-api.rst	develop	7263	5773765cc609ed16e270cc8e6bd528325ca8e85b3111b5c5ee42f54bb4f5f9db	text
develop/manifest/external/cannectivity.rst	develop	1984	8e734306d48f7b5ae699a4607bfe7c9dba5c773ee3bf4ca2834a7535a9751ace	text
develop/manifest/external/clutgen.rst	develop	1636	9577af3a4ba07aa17450a1bb414678929e31d306a62a9e5da28fd791b9879b2d	text
develop/manifest/external/dtsh.rst	develop	3648	e5655d03c2dfc8bb95277cd28fb82a9d7a10aca0eb0c15c3bcc3107c2a17b589	text
develop/manifest/external/edge-impulse.rst	develop	2454	3acd886b7b5e3194adc2a650ddf6952089fc2856a4616b3d008a06882d83aa77	text
develop/manifest/external/emlearn.rst	develop	1627	336fed60fc51205f5577ae0f88a5e11c84bba4bb9cb6ccde2334f6012f1fae5e	text
develop/manifest/external/external.rst.tmpl	develop	341	2154f5e9fd9910de9ae27a443bd9639ff89783af7f6834a76450e2997b675b96	asset
develop/manifest/external/greybus.rst	develop	2898	55ad25a88326358f7ce93dfd7c06e1cf84815d718203f680d7b7701a01362633	text
develop/manifest/external/grvl.rst	develop	2115	d162f8b02d4223565818c863b780eb9a243d1110f40fcdf8805c010cc19d44b9	text
develop/manifest/external/libcsp.rst	develop	1431	a7a94e582cc7462924297e817122a30e51a5c57391268986609b3f066fd77a4d	text
develop/manifest/external/libmpix.rst	develop	1681	db6571d81caee31f94745714f5ef439ee0de0b074fee8505a1aab31e0468946b	text
develop/manifest/external/lz4.rst	develop	1668	568e4459bbf5160dc51dfbfcfff9d14d8aa2bba6b8dbca7cb4337566a371aad2	text
develop/manifest/external/memfault-firmware-sdk.rst	develop	2472	5fbca707081e75db41984c68422fa9c2231a0a7091a8e65faf93c2374a373b4a	text
develop/manifest/external/mender-mcu.rst	develop	2115	4224326878be53ee6e798f11a375fb5205161bcab50eb987459005ac32980de3	text
develop/manifest/external/requests.rst	develop	1424	76b635a143425dffd23cac1e629a4a3263464849a6065ebbc76b95d1d85e919d	text
develop/manifest/external/wolfmqtt.rst	develop	2358	adab576b86f30081d44a03c1ae8b137d09fdd78b2ca9dab4621cc4af96a8cc3e	text
develop/manifest/external/wolfssh.rst	develop	2040	4856461fec457ca4de9213917ac508e0a8ab4adf408e6d866c9fd9b9695f2b98	text
develop/manifest/external/wolfssl.rst	develop	2001	5d94203d6252effdccc0b31c61e4a9937fdbcd73203e7c404e66a85d411f8774	text
develop/manifest/external/wolftpm.rst	develop	3180	0beb89ebcf16596cd1e58d6850c67bdc2ab931b98e4b3b549a1ad356a231b23f	text
develop/manifest/external/xedge.rst	develop	1446	e2d341d34477f820bfc0ec02d666adcba66e2addd45a4b9a3c3e463c0bac32f5	text
develop/manifest/external/zenoh-pico.rst	develop	1931	8909e587130061c8102d5c6e57915c583e12feea0d5b6c085425364342c9f53a	text
develop/manifest/external/zephelin.rst	develop	2431	2b9840cdc3e80ee4936c61dcbf24557fdd228dd3c93b2b40e4eacceb3002f22f	text
develop/manifest/external/zscilib.rst	develop	2322	4908cc90d731e87742a58c533a322f1429a45a401e2046981f1f79d8a17e6b45	text
develop/manifest/external/zview.rst	develop	1581	66809a0112ee75a6d962b52d4af4fed81c8766119cf87f03b9ae691e91246fa8	text
develop/manifest/index.rst	develop	2336	6129b9af16267b7603aea9ef56c22816bfd3b4ff6bedb7c03e4c7f9f24840361	text
develop/modules.rst	develop	47625	d7374489960f7175c1ae1066557b80557ffe3311dab6657ebe7de711145599cf	text
develop/optimizations/dashboard.webp	develop	30048	d65cf06121bb42f196307b5f47256aa4243054e12a0fdc7eb861e6419a5c92f6	asset
develop/optimizations/footprint.rst	develop	1645	41e2d355a29c13ecb51e45a588012eee91b3e1e3faed69cc0a1644bb30e4b543	text
develop/optimizations/index.rst	develop	182	89895051780dc98b473a88f2fa46a1526dc9898a230b1b7735f62a98dde9ccf9	text
develop/optimizations/ram_plot.png	develop	42154	b12092086c3d6e52ff20363f0d16e0112019f2c780032631fcc434adbd720fbc	asset
develop/optimizations/rom_plot.png	develop	61972	be54fc0acde7bb809768b66d4bb08ff7c030aa13dc704520357093bbf7240629	asset
develop/optimizations/tools.rst	develop	16151	7292db08113a156d56c402d0218192d04234784389e53fa169f9bb0ae1d3eadc	text
develop/sca/clang.rst	develop	3464	f02091449e7c9d57eb2c88a4559684c399914c6d1dd991308a8b899f02dae359	text
develop/sca/codechecker.rst	develop	3482	1786501e1e14fab9b39c2056a519355331a669efd5e60b35da27ece8da7fa3b3	text
develop/sca/coverity.rst	develop	1021	d81c1987376bb832553fc6ccd3c36d50ee60e58ccdf82fae0aeab63e59236485	text
develop/sca/cpptest.rst	develop	1425	43e57c38ec52578cf7782dcba90f7e5d593349ab358cf5a6cc81047f82260b48	text
develop/sca/dtdoctor.rst	develop	644	5407c17955220f4c73f821a9b7da6dc364e6071c2f0abe1e5f840ef132d9e9f8	text
develop/sca/eclair.rst	develop	5615	6cb44012190a7117f4a587eed4519cae72c8789fa5b33cd45d513f0bf8fb7b5c	text
develop/sca/gcc.rst	develop	2339	56ede3f91440e07f5c667b5af83c889ce41289cb2f1301ff4ee27d04cf0b9dff	text
develop/sca/iar_c_stat.rst	develop	2140	c83e5aedff5e06d04af8813abaa998fba9ee103ebc7403b692179d253c93278f	text
develop/sca/index.rst	develop	2082	94dd38b5af33dfd71967beae0c3aec45b9a2c33f736515c38c29ce9c70f9bfa1	text
develop/sca/polyspace.rst	develop	3741	04cecbe1bd616992f13cd6cb58fd0232769e571aef046b7c6e252a514a99f1e8	text
develop/sca/sparse.rst	develop	1066	40231acb57ae5db055518e34202e3978d0f608e7809d2768f0c7e2837f1d9254	text
develop/test/benchmark.rst	develop	8296	41cf24f5282f08979c091d7c2475b2eff39d4b27cac8a2173c38e13689d63d9b	text
develop/test/bsim.rst	develop	8630	fe1a6db790d38ca834e081005a3c596491ae143303b38d5702c12a9ca3266151	text
develop/test/coverage.rst	develop	7162	c5d5ab4d7bf80b16e8be5ae0bea489b4848673b058b657bf6ce933c950f236e0	text
develop/test/figures/fixtures.svg	develop	8957	632678eff6dba8c5d318854590d4b3cda868d2bac58d686a963becedf05ddb30	asset
develop/test/figures/twister_and_pytest.svg	develop	21816	216cbfb7f70ed61921bba585aefaa2fec25f1db9fc46ca14a0bd7f0d6d478f80	asset
develop/test/figures/twister_display_capture_success.webp	develop	35374	5796db3777fa95b195b1146269bf48e890ab0959a481837d61976c3453a744c1	asset
develop/test/figures/twister_test_project.svg	develop	138361	c0b6aeb33ec9792a5c04fa2e08488fbe56f73b8350e8f0fb60c5ca9f867b6f79	asset
develop/test/index.rst	develop	183	d6e3ecb916b32b483a18288c2ca3890d8a57ac5e5d78efaa62917f68f3399e87	text
develop/test/mocking.c	develop	688	dc3b99d9d380ae42617cab144fc492b01bef823f0c9b6469b8e530ff9f994b0b	asset
develop/test/pytest.rst	develop	12333	95a7676da545ef8e53189c541a0b434c94d3116986aaa3b30c1ea6767f2edb1a	text
develop/test/twister.rst	develop	78047	f049c539576626760788667d99785c224bb955eecb8686d0d8fc9033a59688bb	text
develop/test/twister/sample_blackbox_test.py	develop	3242	f5a0bb358b2be2888140f003214cde74a65b2cbf7974a044c984eace3c110c3d	asset
develop/test/twister/twister_blackbox.rst	develop	5115	72220fb939ca3c8221714306ffdbf50dd476bae9ccf0f32035c3b59f81511881	text
develop/test/twister_statuses.rst	develop	5672	4818d1ca3d0bce565f0901f8bf6eeaa8190f23ba50b38ccd4758bd9d72580442	text
develop/test/ztest.rst	develop	23996	15b0f1cf6cff554e10de5b683b2036761e481e383c00d388f53172af17d45745	text
develop/toolchains/arm_compiler_6.rst	develop	2205	6dfc69db4a9d748e408fca66364ff49f6886596fb3065666d4e14e38c7334f92	text
develop/toolchains/arm_toolchain_for_embedded.rst	develop	2753	30bd4ef02cd46594b8cc90ad0620f1f77bd91af21bcd5f33f29e39fc9806e6a1	text
develop/toolchains/cadence_xcc.rst	develop	3152	f20fa2dc3c77735cef512ebcc634a4ea8ab5cbeb0cd04c52db7d4769c94cb302	text
develop/toolchains/custom_cmake.rst	develop	3101	9b680fd1acef5582121c0a6a04d5a141ad4f4f45cdd61e08682c366519fbd773	text
develop/toolchains/designware_arc_mwdt.rst	develop	2080	f8f2231966852c71760002a061b5b1817dfd9e93d2bf22ef1e3b26fdca3ff386	text
develop/toolchains/gnu_arm_embedded.rst	develop	1897	c243231c9a04a7bef22c6f843bd3a6be9a6d72318ebda9c8346f0220579e6596	text
develop/toolchains/host.rst	develop	430	1e1c816a29437c2e91e414bf8653f32fa6dbf86bf905690625ac6e548be06f78	text
develop/toolchains/iar_arm_toolchain.rst	develop	1760	df879d32b464572316630dc6e5908c2351bbb4efa163a516b0916641803d75f4	text
develop/toolchains/index.rst	develop	386	6c6bf9311a3449fb2cea93b7903cdfd6990738bac023507092da2160b4b22c2c	text
develop/toolchains/intel_oneapi_toolkit.rst	develop	813	494451a89d88d89df776669a13f0b23e1c5408acfb19cf8b9e1434e6c8a22deb	text
develop/toolchains/other_x_compilers.rst	develop	2515	fb7106680c8468dbd7ca5d8cb983834b573c48cb2e92e208c5778f251edb1a0f	text
develop/toolchains/zephyr_sdk.rst	develop	8798	934bd8552bcdfa68cc4720626acc4e3e21bbf187f9055c0a58ee08162d1b9585	text
develop/tools/clion.rst	develop	7199	1c4a89f378bbacd82945719e09f0d93de0460284e62a9ba68f527865769ff5e6	text
develop/tools/coccinelle.rst	develop	16004	37ce4c94ecebc2193d85267900568e9973d711052df50910160357f1fcc28ad3	text
develop/tools/img/clion_cmakeprofile.webp	develop	74510	beb25a8729508957bcb1df6025e4326c7acc6e84e08d2fbb0b42c123dc0ca65d	asset
develop/tools/img/clion_debug_threads.webp	develop	82226	d612a6dfc9f0fa1005b370c79eca243f9c60323c2fc988b100fe25ed8b26e9ec	asset
develop/tools/img/clion_gdbserverconfig.webp	develop	39700	8e45f6199da460f1e8c432d5a3ff0c3c3db87ab7bb87f59ee329c3c9fd4ba65e	asset
develop/tools/img/clion_segger_settings.webp	develop	26012	1e8d41193d13c0a5f757a2b29ba31cecbf9187cb74dc1399891f3e0e1f22b0a4	asset
develop/tools/img/clion_toolchain_mingw.webp	develop	44568	cbe976a8bf7f043de1444555d2f3144d1d538b59c57fe9749de320da2f813edb	asset
develop/tools/img/stm32cube_add_include.webp	develop	8326	5e88d7303ce123f95599e700e96a714f6776ad362c528dc7e97f4dec7c96e380	asset
develop/tools/img/stm32cube_autoconf_h.webp	develop	33606	b92898ef2e60faa7d6f3aa4fc020364f29648dbb483ec8933d1ad1ee2f7f42aa	asset
develop/tools/img/stm32cube_import_project.webp	develop	10472	ca55929df0e046552bf34da459300a554062ff29243f02e00ed78a40bbe84cd3	asset
develop/tools/img/stm32cube_menu_import.webp	develop	9954	69e25278d6a0f03848e40488b28301349f139f936f5959692a9d663dc4d29cec	asset
develop/tools/img/stm32cube_new_cmake.webp	develop	28792	dda46cc31e15dd8730e417022c27df527aae3ec84aa86a2e2787bc36b8ce2769	asset
develop/tools/img/stm32cube_preprocessor_include.webp	develop	31946	5fd7693f5bce20f67250953d155cfa9c3ddee8164400fbe1c4af81c094bc20fa	asset
develop/tools/img/stm32cube_project_properties.webp	develop	24494	cc0828018419399802636c15559c3d1d38dd273fea5a3596b73e53b2f6e062bd	asset
develop/tools/img/workbench_for_zephyr_application.webp	develop	27344	5e7f372ecf73c5007dd3e71de48254239b2e69e6561c226a40f46ca22995bd12	asset
develop/tools/img/workbench_for_zephyr_debug_manager.webp	develop	21944	7299fe921907be37bb2602167cf721371ee12b24594cd9d9308d32a9f1d063d5	asset
develop/tools/img/workbench_for_zephyr_install_host_tools.webp	develop	23752	ccb93e4595856c19acf61d72a7ac8c35c13c79439b40562035b17e4b96afeb0a	asset
develop/tools/img/workbench_for_zephyr_west_workspace.webp	develop	13486	e81392e751945e493f96e07cb22b9acf8fc401e5a12afb9d61b5540c5974f8b2	asset
develop/tools/index.rst	develop	170	67ded3bf1b1473fa42aa3a9325f704851751e5163ff26a6088d4d96cc6224a10	text
develop/tools/stm32cubeide.rst	develop	4813	e6bda62a0a00da4214c0b6aa152c90ff31c5b5df6993865aa8b1390906f9133b	text
develop/tools/vscode.rst	develop	4571	09c6c319080f8dacc8099b79bfe1916882c5a6616840931d54c1863658ee120f	text
develop/tools/workbench_for_zephyr.rst	develop	4465	e47f7bb788ac2656f45f662a53e2f242d4900165d430d69daee2e2955498bbdc	text
develop/west/alias.rst	develop	2414	9b9dbc38db096e7ee2c90ccd1f52cdbc3f7be8c881540f4ddba9b8cb03e16741	text
develop/west/basics.rst	develop	7658	f6d9d22bbc9f83300811dc26bd67232a37d178563e1a1a208b50be8947a26229	text
develop/west/build-flash-debug.rst	develop	30935	4bacccb212e58ec6803f55f865fcfe715bcfadd84e6fa5c966df1f61237e30c8	text
develop/west/built-in.rst	develop	11151	f48cced5338f94586a9b0f387fdd56989ad59463aafdc6884d18c0326e685027	text
develop/west/config.rst	develop	10864	054e0565f5212e324cd212120263044efc91b324659473207821e21073b6295b	text
develop/west/extensions.rst	develop	9582	96ade58af93a206a3796e696465a2a282834279ba547624fcea84db8d47d7bca	text
develop/west/index.rst	develop	1641	380b2c5e06594462929775846a77cdd906ce4e07e9394ee97b79db7159745948	text
develop/west/install.rst	develop	2868	0c8b177848eaf7c1b6cc10db46a47d75a128209c4ab06cca131aac9c37b84d92	text
develop/west/manifest.rst	develop	72174	ca645ce2ef69c4e268f47ba0128423221ad7342fdc9cea9ce045325d90cd07b4	text
develop/west/release-notes.rst	develop	34248	2021122e4225c178469d5cf77ce1c87db579ca406160dfa4a826c4b26705c6be	text
develop/west/sign.rst	develop	3664	5ea3eaca0580887fec02a5bb544e1ab9b66f4690761af24fa98aacacf1d5f794	text
develop/west/troubleshooting.rst	develop	5896	76a0038b42ed7ab6314eaf70fa6c8d40b897f44e172e8a3c46d4456fe57e4099	text
develop/west/west-apis.rst	develop	15256	ac99d2fdc55992be11205d38be07c0cdfb87e9160e616df3f3ff66fceb856cbd	text
develop/west/west-mr-model.png	develop	67684	9b978f1e4ba17974bbefd7ac4539fedbcf8b357ef402509631bf278797844b4f	asset
develop/west/west-not-found.rst	develop	361	c58062466883e06c51331ce25132148ce45fac586d3caf19d6fcd0a6c4b54003	text
develop/west/why.rst	develop	8452	90b86a0e413160a3b8014f1b2cd92cb77f7a384321d3108b33ae81ebbd5fd412	text
develop/west/without-west.rst	develop	4501	07efb92975042536a8e4881a70486890f1ab57b586f621052f49131a57b34fd9	text
develop/west/workspaces.rst	develop	12705	9cc556de5f35d4021947eb3f78f427f2bffff82aa723429910cff485a4c004a6	text
develop/west/zephyr-cmds.rst	develop	17648	00b1a53a14feb983170395ffa8607ce89b5642bdcea5c846491903ed8a750b93	text
glossary.rst	.	11024	f1b5331f729ebd051cdcc45aea5b8d79fb0b5c8a067161a2c9b425512838eceb	text
hardware/arch/arc-support-status.rst	hardware	9931	af7614c5f2763ca32d1370512f1fe0d2943d2fb6d6e69f176b7bc76d5c0a27dc	text
hardware/arch/arm-scmi.rst	hardware	9171	c67378db95d3704fcf66e9e827fc6cc05eda983b091ef74a6129b7acacdd92c9	text
hardware/arch/arm_cortex_m.rst	hardware	47453	691284f96fb3fd97d0ba9103f72f37d48915f69df4869ee7a9169a1549cfca4a	text
hardware/arch/index.rst	hardware	215	d82557351f8f7e1e667eff7bd79e228e1fc23b2700aa296cdda764568b0bf919	text
hardware/arch/risc-v.rst	hardware	1333	ae93a715178220d5093f5286d0525db72c1ac21228088427002dfdea8d6cb379	text
hardware/arch/semihost.rst	hardware	2415	ce022333de58986cbf224065e2707706c75294b24afbe0920ff192986ed29e33	text
hardware/arch/x86.rst	hardware	5294	cd486f40ced97a95d4f5327d3ad1fdc82a2cd4cf50f10c3e074923ada73b9e6c	text
hardware/arch/xtensa.rst	hardware	3961	eced5a81cc96bdf72282914fbc7b9e452549381adf261c4375db94ddadebda16	text
hardware/barriers/index.rst	hardware	77	ef2e37e5a14b2b0f3b9a2b384aa4e590d8ed3eff0f21424599e43be9944a852a	text
hardware/cache/config.rst	hardware	3127	501275d0d2bb34e50325d922624cfba9d40eef6ddb55575bedbdf3933ee62027	text
hardware/cache/guide.rst	hardware	7898	c047ccab4c88844384f6d01b806c63590fb40cc5eb06f04204f5f6c6a616fcd7	text
hardware/cache/index.rst	hardware	86	55fd88508ac20b9edc8b70f290fe5527840ed1f9267d0af387731e0242ac34d5	text
hardware/emulator/bus_emulators.rst	hardware	7755	0bffbdf91683900edba4704d66a0e0e7e05e08a270176e37cb07dc1b6208190e	text
hardware/emulator/img/arch.svg	hardware	14314	1e9ac373facabd18ffd0416cada3650a7e725a87ddec35509c8e094bde3d7376	asset
hardware/emulator/img/device_class_emulator.svg	hardware	15180	393dde7791a7fc76f6df6591601f98a43664c8babc1219cf5bb55f5f9b8a3c3d	asset
hardware/emulator/index.rst	hardware	3839	02c7fe34f8e3728ab8560e1d32a507db49f79677d1a63506d30725564df12f9b	text
hardware/index.rst	hardware	290	0325c5cf42c88fbbeb3a34cdc49cb06f7254cbe7b66bcf4ea2ac1b4b2b48b1b1	text
hardware/peripherals/1-Wire_bus_topology.drawio.svg	hardware	12912	c790a85c7cfde19815c23f76bd585d6cb38a8d54f70f301694c085e37513ff1c	asset
hardware/peripherals/adc.rst	hardware	164	022f26417ca76958aeba4ab1aca9a7b3796e5482e1a2dea025ed6eabffff0f75	text
hardware/peripherals/audio/codec.rst	hardware	314	6931797a1b79f9fd9806edc4d07e777e8a4e7174cd63f39b8315286681e50e53	text
hardware/peripherals/audio/dai.rst	hardware	420	1fb368506d7220d845581439f338a12109f1e2ff3b98ff3410e9047f6b6e1513	text
hardware/peripherals/audio/dmic.rst	hardware	343	1db5427129252293837b6eda825a8694a5e8ee7184b7984c17e10ab2945ca1c2	text
hardware/peripherals/audio/i2s.rst	hardware	447	e8ea0fbf1c66aed0ef6ec5af8ac422ff8c543400ce8e2a258108c090a83b060d	text
hardware/peripherals/audio/index.rst	hardware	112	7825c953527745199ee7f19d05a2acb8640f750b424b9e6e3ec27a68bb6c8124	text
hardware/peripherals/auxdisplay.rst	hardware	862	ce308a5792c15d135324be939be1e86981305c5b59eab1e0e2ead6b98631a0a9	text
hardware/peripherals/bbram.rst	hardware	844	5250213028ba8de176329409cbe2be54635c7b9733657de68ce6a81c15447a74	text
hardware/peripherals/bc12.rst	hardware	4203	5cd44eff25b1908cf572b89ae0728bcd6f74985b4335e429f328a9e01d736bad	text
hardware/peripherals/biometrics.rst	hardware	1005	1c391d5f88fe557de42ad77f9409c01a444b64046e7b4ec7da931b7af3895a64	text
hardware/peripherals/can/controller.rst	hardware	11038	934f108951f1c702683972e000852116a8e7494757a46ed62e8b1c45683a018b	text
hardware/peripherals/can/index.rst	hardware	151	154c284ada120194813954a70610a4c50f0f5327ce7b26339df762a845573bd2	text
hardware/peripherals/can/shell.rst	hardware	10457	318dbebc49b3652147fd9f9340adf349856882c819da96d80d88611232d0da6d	text
hardware/peripherals/can/timing.svg	hardware	54525	1632626fb4e2c8e0920017504ea54e70b316e853a3473bc6eff738a98d0b4599	asset
hardware/peripherals/can/transceiver.rst	hardware	1212	a53a63e3a6e183f2831bd35a9ca44233ebdb9f466ec8bf6c46d6be0969223b17	text
hardware/peripherals/can/transceiver.svg	hardware	131127	a6394fc174767ae67c768791bf195b7580824216a2d50d0dbde1c0a1d3305f38	asset
hardware/peripherals/charger.rst	hardware	1652	9db552370510624a4efb73e2b12beaca25e5ed220e09ce542d97752774f95567	text
hardware/peripherals/clock_control.rst	hardware	373	339fa6eaa6cdd49d9274fe288e176ed622df67f504a3f1a8dac7bdb424781d73	text
hardware/peripherals/comparator.rst	hardware	2324	5a4d7e465fc9ac19a609f4a54cc58ef58146e314f69f08375cd8609ce11cf3d9	text
hardware/peripherals/coredump.rst	hardware	804	3961440f6123bcb7b1dda8570a8b6ac04d1a164c58d16dc8d86dcc128a9ef8d6	text
hardware/peripherals/counter.rst	hardware	120	2f26fa7a734cc49f454f3d1e1780343839b395d4fc08d126aabf1471b37e77f8	text
hardware/peripherals/crc.rst	hardware	410	2ad47d5e3fa752f90477a1419267889f52a6292aca0a5ea8f74a1c26fc703b4d	text
hardware/peripherals/dac.rst	hardware	347	680b57654f1e79088f5119833c30a2e84c6914e34b9d525896f5c334597967d5	text
hardware/peripherals/display/index.rst	hardware	2377	e7007e945a512df432615e493eb0bc3c02b4b25d108a8e3baf03aec36654c8b3	text
hardware/peripherals/dma.rst	hardware	3333	0f4b18c3e5d116f061071a021368a65d739f8580656b186beba7a9daf4b23901	text
hardware/peripherals/edac/ibecc.rst	hardware	2980	80755439b70cf7ac90d60d594765cf3e1cd97a26df625d16dff32eb2ec37b603	text
hardware/peripherals/edac/index.rst	hardware	417	91f55a728effab7a98a3a31d2c89118bea2a7135c9c591b5581a12ab08362b00	text
hardware/peripherals/eeprom/api.rst	hardware	355	fd0aa3a1b4ac85b255bb3221fcc5fd437e9de5927897691ddc39ec7da1219138	text
hardware/peripherals/eeprom/index.rst	hardware	322	2245514c13ef1cd636e6c24fcd155f58a8136ea1f7c2f4a37eca68f6e31e8e85	text
hardware/peripherals/eeprom/shell.rst	hardware	3257	c07f915be3ee6b59425e9b5a5cadd564fe8fe86b067e525419dd9456db16d5b1	text
hardware/peripherals/entropy.rst	hardware	391	8f2b952e6f6d44715d4553a05c1e85753c380e50a99982c6a20d0d1fd0aa9f98	text
hardware/peripherals/espi.rst	hardware	884	f022525f9855454298c5030ec66a3f7a39ad6af3f7fc0499050faa0e8d341704	text
hardware/peripherals/flash.rst	hardware	734	6ecc6f2ddd29408d163a1b684c87ec183e8dff61867174ce4ff74602fe30738e	text
hardware/peripherals/fuel_gauge.rst	hardware	1446	e6fe8104408d215a66f586c692f2d79cc03756d46a76f7ea7a470d0c1805b95a	text
hardware/peripherals/gnss.rst	hardware	1437	80f1878ba022333563a50bef2dacc607f688093c153411330ece90c169807b54	text
hardware/peripherals/gpio.rst	hardware	4699	eacf95c092f1ed71eb99f699f240f73f61abf4609024c46beced52a42115b9aa	text
hardware/peripherals/haptics.rst	hardware	734	f4d5d94dae75ae860f2a8bb0bfb06d6aed35124ce01daf98c87e5d35c1b0334f	text
hardware/peripherals/hwinfo.rst	hardware	652	9d11dca50f640dee2b9782eedf5bc34ca1824e789b921ba3e68d3ef173fe6b6d	text
hardware/peripherals/hwspinlock.rst	hardware	634	67532a7eab3b560373c1dfe4447cb12126b77f6c7b3de7f648ad92d2872ffa97	text
hardware/peripherals/i2c.rst	hardware	2028	57b9e7b489a356aaeb1b09f7dbdaf1c5aeac6b361fd9ce4d747b1edeff004fe3	text
hardware/peripherals/i2c_eeprom_target.rst	hardware	154	32fb926baa7b56e09269013af726d39b37e56fa8ecc7823f7ec5cd890fc120a4	text
hardware/peripherals/i3c.rst	hardware	12494	2f108833b129aed4ca5cbfe21e2ee1302547656b4da55b1834e2550cefd0e701	text
hardware/peripherals/index.rst	hardware	1019	32663b458fbf16b84d3bb35c2f337d5f28ea8973a3b40e9aad1332398f7735a7	text
hardware/peripherals/ipm.rst	hardware	156	10eb7435e8ede7a044322fb8633ea16b8dc24db3b631464e8bb8ba8c929b6bc3	text
hardware/peripherals/led.rst	hardware	454	c55c7496270de1d6ccf73d3cfb42803f853e61d386eee0b4ced13c7ed0bc092b	text
hardware/peripherals/mbox.rst	hardware	471	7b2abad383b46eb924855f9fcf58a472f8d5c2847e319c790bf944da47020fde	text
hardware/peripherals/mdio.rst	hardware	452	c7fc63cfdb9fab3da855d62514208b3d4ac688c5f2b32b8edcc8905b23235d94	text
hardware/peripherals/mspi.rst	hardware	7899	ddb5c101beeec0d6285ac4f43dd6a40088e14945833acf82e57af95c4a867425	text
hardware/peripherals/opamp.rst	hardware	567	50b9e8ba0edac918d84b3bfc8d7125f4bf9951f0836a7100a38b56e8806c37d3	text
hardware/peripherals/otp/api.rst	hardware	482	d4af2f98cf0f15eb8e1661e3dc2759da8d2b2582b782ac82da3fba3495ef526c	text
hardware/peripherals/otp/index.rst	hardware	438	3ab3281626007fa7c5f8fcf61fdf30bde1d8f313b200014a0d07db241b208bab	text
hardware/peripherals/pcie.rst	hardware	209	f3847b91e5e2addc81b2e8dfc662be840d7db20a7c0e81a6b0127aee95e0d4c6	text
hardware/peripherals/peci.rst	hardware	723	319a00690a6ee46329957f67c208c9e8f499bef24a29f34738505919a156dfe6	text
hardware/peripherals/ps2.rst	hardware	574	f8bd89aab77defd269a304e31cd887d986706e597ba641954974fbe41c0b2f89	text
hardware/peripherals/psi5.rst	hardware	378	f46fd84be0ae354cd9cad712ca23cda0b1ccef22bd0366545c502e87fa2572c1	text
hardware/peripherals/pwm.rst	hardware	154	c15aa7bd6e3ce20fc168b71fe0c4e73b3200eeba450530079470a6f3d1ac5608	text
hardware/peripherals/regulators.rst	hardware	1062	2fdfeaea5e31fdb778ea4dd3137050c61fe986bb5b834818e1ac0541dfc80cbe	text
hardware/peripherals/reset.rst	hardware	704	a5832134b82fe6879edf24cf7f102925dbe1e9bd5d88751c5b06912a0f694424	text
hardware/peripherals/retained_mem.rst	hardware	1202	ba4ad1acf582db7c5bd19b025c53f2f2e94ee927bd76fb5e1c2f6153b76dec80	text
hardware/peripherals/rtc.rst	hardware	6406	1cb5ea23d3add1575ba79487c06b06c3d2ead5dfb5c8e529a57d639818277942	text
hardware/peripherals/sdhc.rst	hardware	1878	f03e5437bcb98162d2cd8206b1d765135b1e2d6a6193485e9e5822786da9f622	text
hardware/peripherals/sensor/accel_stream.c	hardware	2623	61e67efddaa7b165f7737795ff53eac23429ca8cf68555913cbeb995cdf6f319	asset
hardware/peripherals/sensor/attributes.rst	hardware	1435	6165dee20a059cefe177f5284dfc3c1d4db9e2ecf334e94b649c6c08b164f27f	text
hardware/peripherals/sensor/channels.rst	hardware	900	e54ca4c83628622c8f9e6f09ee45cf6ca8a2b837b1e51565acccadb00fc04f6d	text
hardware/peripherals/sensor/device_tree.rst	hardware	1282	04c50bfb9e7cd2eb6e5e2c432b986adda998c1a0ea31c823571588a94b6a5597	text
hardware/peripherals/sensor/fetch_and_get.rst	hardware	2860	8990d84926857a32a7d30a9f4ac7f1d71eaf9d9e15cc24da838948ab73da5bd8	text
hardware/peripherals/sensor/index.rst	hardware	4058	745bc256331e47bac766f067ebd258165b07cb50a1c760a7af20483fa6ae96e5	text
hardware/peripherals/sensor/multiple_temp_polling.c	hardware	2604	c4c7044d0c1787485e1983ddbae5e0c3cdd07ae5e9b22a89555b7119ecf2ee67	asset
hardware/peripherals/sensor/power_management.rst	hardware	1230	02297b29624a38f7aff967977d4773b2acf64fcbd2abaeaed65c53a01857f452	text
hardware/peripherals/sensor/read_and_decode.rst	hardware	4202	b01c72262a9f441b4bf612c185c9aa0403e935361cfcce4786324b6a985dd484	text
hardware/peripherals/sensor/tap_count.c	hardware	888	8806b39f586f04b4741f974acb0e7b816755a65187d7589a65cb138d60fc2c6e	asset
hardware/peripherals/sensor/temp_polling.c	hardware	947	9bb8f75ed02683deb190e095051ccd2f79e00527ec2d8c56ccec9beb9b51032b	asset
hardware/peripherals/sensor/triggers.rst	hardware	530	6dbcd27fc6f28bacd828b2de863d5adb159f5e974173881fd20ce6585e32c81b	text
hardware/peripherals/sent.rst	hardware	390	d1a69e0c4d112e2283b0445cd35dbee8cf063503ddb266e95d93d8a09eae4673	text
hardware/peripherals/smbus.rst	hardware	2126	43fffc9ab3aa6e1400123e1619090baf45d67b0591e661337a00b09fe8edc875	text
hardware/peripherals/spi.rst	hardware	172	cdf9036793160d74defaa93374056d59aa6bab46ae3604f90686cf80db40b1ec	text
hardware/peripherals/stepper/index.rst	hardware	4485	e5fbae1048ad65c97ee34266e816502073d2760deb18da7788be8231931414e2	text
hardware/peripherals/stepper/individual_controller_driver.rst	hardware	1407	2b795bd956fe10d66f7cb6bbd42d8b1700355c3f1b67a571d977a807bd4a0223	text
hardware/peripherals/stepper/integrated_controller_driver.rst	hardware	3182	a033fce0604d910cb389fe5b653f4bdb2d732fd20b881b1e13733302cb505151	text
hardware/peripherals/tcpc.rst	hardware	1820	376ebbe21894b42cbd2be5109a5a2010118d92589f9e960dd03d346c57194c7b	text
hardware/peripherals/tgpio.rst	hardware	316	c97c28fd87a859ee422639002526dcfee10301a55408b421b9d75ebd4f6f245e	text
hardware/peripherals/uart.rst	hardware	2535	e4062b4dcc1c374a11c1b26969ff4cde67b588a32af389fc814c93ddcbb359ca	text
hardware/peripherals/usbc_vbus.rst	hardware	486	39c655130d980375ab9357b1e84d6b3791b3f7b5aaaad95feca29b75f6926c15	text
hardware/peripherals/video.rst	hardware	1574	33db3768a1698af210e9367930c6d9ee74a31050be602f3d2a40d37ab2c1fdce	text
hardware/peripherals/w1.rst	hardware	3668	9988a17838f0628d977e523ec0e9a7065a149e221fff52c5fe50c475331d7083	text
hardware/peripherals/watchdog.rst	hardware	124	73c55417e2f2d805a46d4c24f22fbbc6f28f914b5865d32ae86d816a3088744d	text
hardware/peripherals/wuc.rst	hardware	1781	a07de21df44ecdb0a371cea06f910168abc20695b5a598368065349c373a017e	text
hardware/pinctrl/images/hw-cent-control.odg	hardware	15779	7c3d570d8da423d347a30c12c4edd4239e4224ac3cf462d537160902feedd5a3	asset
hardware/pinctrl/images/hw-cent-control.svg	hardware	86019	9e389e8d420597842cf2ccea4559d2ae1a47620b797a80d76607e3fa7d722ed0	asset
hardware/pinctrl/images/hw-dist-control.odg	hardware	16947	524d3e9c26a57925dfeda0df1e61c161fd32da21b69395fdcde345e687ef8aa6	asset
hardware/pinctrl/images/hw-dist-control.svg	hardware	113863	a295c3a5bdfd021d5fa88591c2c617cae8e959c033449f45b9167e713ccce3a8	asset
hardware/pinctrl/index.rst	hardware	20889	22de464f298f214f9af8a78e10a42f19af76af0ae9e4101b0e64a7e29669acb3	text
hardware/porting/arch.rst	hardware	46597	4521f2e23d8699afc95d1f1af7fb3468bd6a900e81320d13d3628e5db00ea9bc	text
hardware/porting/board/board-terminology.svg	hardware	199372	20d45aee2c5fe4eb00dce6037c343899dea96b6896a3ac1b9ad3886f0d837833	asset
hardware/porting/board/hierarchy.png	hardware	58125	b40df4c574168ff2cab68cdabfd14da2885974957782ea1fde0b9b9a9092113b	asset
hardware/porting/board_porting.rst	hardware	39228	f841ac1f11257b32e7eb095b709a92d1a97391051c9f57c515a1b56c499436e8	text
hardware/porting/index.rst	hardware	186	91106b79d6bd7b856548e318102fd32887587fa54a19263cc7ca99a47115d3c9	text
hardware/porting/shields.rst	hardware	17250	39fdb9ede6b3ba08cc3ac4d6dcdd6daa8b9c2b1a595d77206384eb20afc38a5a	text
hardware/porting/soc_porting.rst	hardware	10637	fe748109c0881d8b917e606fb247ea3ec8f7c5d32c43e75c6f212f39f9c0e0f2	text
hardware/virtualization/index.rst	hardware	152	dcf249452e71ae58c6cbe82cd61ca593e3f027b261aa2ee17a5ff8866b0df088	text
hardware/virtualization/virtio.rst	hardware	7824	c6ebe50a99efbd34650707c34e3415808886cd373eb3cf9ce70737eb41afaa05	text
images/Zephyr-Kite-in-tree.png	images	112967	238a4dff4fa2d90e8c779bb099c2994fdd502899714f77e429715499086f2800	asset
index-tex.rst	.	450	7b2cfda60b89b515b932e1b6c408eedaa2917327cb3f1b903034e19679397c49	text
index.html	.	17844	8830d97f9d663ade34001030811fc8d71ab7a5137493a3e4b357a2b4da3e7819	asset
index.rst	.	1699	b6842f9b7b7ecb6952debdbcb19dd9eaf6fbf799550223623e303f3b1ccb3e9d	text
introduction/index.rst	introduction	7759	4b8dca5edeff5403f8ba33f38fb59f24d02f233c988711b4f0c5e2166a758a0e	text
kconfig.rst	.	82	e0444382b896f2a6b67a339e259f7330491143a5e6d7f50ce07779b77923f2f9	text
kernel/cleanup.rst	kernel	5778	2d417d678493ad39e6e2678ea07f183d9ea016a0b195268744693233358bc7fb	text
kernel/code-relocation.rst	kernel	7128	6a20dffdf95833e4accc1f4f8ddcb16745b17c5632a2a09ffa750be0fc406b6a	text
kernel/data_structures/dlist-empty.png	kernel	13248	85b1858ec379b9ed713212f9c20183686883d93a1d4b32fb6ba647cdecbb5e82	asset
kernel/data_structures/dlist-single.png	kernel	23547	60944d297cb474e4492f1577862f7883d2bc7b05bccda972e00434d4ffc18c3e	asset
kernel/data_structures/dlist.png	kernel	30633	0157fd5b362c19a87221ac01f3fb226f6c469a65768acecfc07c7df4106b5a3d	asset
kernel/data_structures/dlist.rst	kernel	4173	773af2ec581dedcd10ee4aa0c424546802498f695fee21caf084c2420d174ade	text
kernel/data_structures/index.rst	kernel	1544	e8e153534aa6dd39d9637ac4b09619ac0c7743856b5b68fadd7db6f22ee4f039	text
kernel/data_structures/min_heap.rst	kernel	2018	e5c09242437e47418661238f3844954d94e467a5898767dce96107f2aab7a329	text
kernel/data_structures/mpsc_lockfree.rst	kernel	442	4397884f938b46d3e6b40a582e155a273158cc49fcdf2001a3c4b7285f6c3eed	text
kernel/data_structures/mpsc_pbuf.rst	kernel	5108	a49e5dcce34bd9fcb9ee75110587af0b965f07d736ba6bb59833e42d6bbe2c84	text
kernel/data_structures/rbtree.png	kernel	105718	22a9283381fac9e6535b9362ce0f414b80a56b6ab384f41d86821fa3895b5deb	asset
kernel/data_structures/rbtree.rst	kernel	6082	c15b602cc00cd1444f2349ab1abcd1d3fa3dc480f92fd188477d7af6d56f5081	text
kernel/data_structures/ring_buffers.rst	kernel	13671	aaa797ebc506163f2d8c7d749e8bae5edc1b3655d8bf5aafa6a29c2a8c034122	text
kernel/data_structures/slist-empty.png	kernel	14177	22e437b542325c6c104ec2dbfce553670dcb2d8b88c275fe5c952aed69b6d664	asset
kernel/data_structures/slist.png	kernel	28471	57eabae4b8690fab6f1866168b8b6d8fb39ef644c43dcd1b1d4260cc43c58b5a	asset
kernel/data_structures/slist.rst	kernel	5488	ed6f75805e8ae7cc63d8644c4b5f6526fb762f5b86636a90fba3c6f7aaf48d45	text
kernel/data_structures/spsc_lockfree.rst	kernel	290	831f6bedc7459cd4a68499d3e4422b7b669c17a388deb6508c7b805f65234a9e	text
kernel/data_structures/spsc_pbuf.rst	kernel	713	e3fbcaba1fd60172958b3cb957d032ffba6cab5db00e6589a5a969b4d4cf67df	text
kernel/drivers/device_driver_model.svg	kernel	44132	8463056909c8335e378b74b8564304f24f7f5726fe87f4796b525d79a394eff9	asset
kernel/drivers/index.rst	kernel	20327	7eb88aee801e2af07142ebebf482508eb05ab7d370f9de7d56d169ef7dd79198	text
kernel/index.rst	kernel	342	fdb17fa68fe01d071131d63cd71d7a72ae2f902248087380fca032b76ae48964	text
kernel/iterable_sections/index.rst	kernel	1929	bbfbb7f793296b6ce29a004d90effa3a84b0a04f43ece5b100d1100042341a81	text
kernel/memory_management/demand_paging.rst	kernel	9854	9afca8cc9b59d920f6c28d583799b583ec4be05309de2f2ebf611b2e996e3e40	text
kernel/memory_management/heap.rst	kernel	9680	33a5c268ed8ee9b625ba850aff5a8565bd12c8eb1605f32d93fb49bfac3e75b0	text
kernel/memory_management/index.rst	kernel	278	73e48015b5192c74176371249fd8fdbf1100fbe07887d015ce5836fa1b88c215	text
kernel/memory_management/shared_multi_heap.rst	kernel	2938	cf43b695844ffdad6e6d95fdafba1f5e2c67c0c68a9e6ecb3674407541c7bbc3	text
kernel/memory_management/slabs.rst	kernel	4851	2762cfcf5495b536e6efdd844f1eea73c963c00bdfe9057b1fdc79aad6a8dca8	text
kernel/memory_management/sys_mem_blocks.rst	kernel	6366	f5865e98ae60c82e351cd0b2f0331fb9ebe54f057fb9ca3f49ef8a5e5780efde	text
kernel/memory_management/virtual_memory.rst	kernel	7213	c3dc06fde4b6b3fb48cfb0a56cf7631c2ca41d05c08230ba5dfff059bcd08d2c	text
kernel/object_cores/index.rst	kernel	7912	1dfffc7294288051d02ee44fd69c4dc6f656b6271686bba2ffff8818ad46372c	text
kernel/services/data_passing/fifos.rst	kernel	5053	292b0ecb77f24f77944259be43e60ad2d5994f7b307ad833401e4acdf5c6a3a1	text
kernel/services/data_passing/lifos.rst	kernel	4335	949728295f67c63524df9ab68b748e9e3b0b771ba523ce47f495f5b303ea2dc9	text
kernel/services/data_passing/mailboxes.rst	kernel	19472	7151224d33b49839976ca5ac0af2853ea1d22372c9402f7f343f9c0b268a2875	text
kernel/services/data_passing/message_queues.rst	kernel	6749	2d6ae30acd3caf2bceef4e3b879d59d0ce518043766556f6c8e79a46f0c19104	text
kernel/services/data_passing/pipes.rst	kernel	6327	aeea6c69870f8a16e21394403ed52bccec70df0b1196b3e6293bea75b737db3c	text
kernel/services/data_passing/queues.rst	kernel	514	4223a462fb55a01f03cf6496fecb1ccd429858dfa0f786557a5c575917f63a6b	text
kernel/services/data_passing/stacks.rst	kernel	4293	7be88b6548e08a5099c7f6df552fe43bf9b5f0a5d112d0bb9faa245461cb39c6	text
kernel/services/index.rst	kernel	4681	c203cc6365a8686059b9fb759088954aee9a782bc5a0d4a27af38d4d9c5a0c7b	text
kernel/services/interrupts.rst	kernel	32598	f6a4e0da7574c8694f6393ba4f717b077f70e27d0f43028d9a4ef6a4ee91c171	text
kernel/services/other/atomic.rst	kernel	3815	501f421c7b37cd41ce1e5b56d76f9b9ed52fa2d70823f7fdbcf30df95a707929	text
kernel/services/other/fatal.rst	kernel	10423	a3bd22c017eca7d779db80904a1a9df53afe0bde9889cae501adb237d2a6d62e	text
kernel/services/other/float.rst	kernel	15466	dfa31cb07a32bd8f9e7f49123a0e2424e333d112a4ee211190dba71e31ce78c8	text
kernel/services/other/thread_local_storage.rst	kernel	1692	204b778fa5c1c05945c9aaecb163ca90e24c1e349d7cf3de7b0dd7705fd5a34a	text
kernel/services/other/version.rst	kernel	164	79b3d3624d8c8639da71bb6f5ddc727608bb47ed1071131fa0bcb00e705ee302	text
kernel/services/polling.rst	kernel	12281	682843bbabcf396371915a0752398b9b633ddf906b41532dcc1a23b092d61714	text
kernel/services/scheduling/cooperative.svg	kernel	13164	168cbefbc9521188a78afd37f0afe4195a4d940e2a768765c80927df768a1bb6	asset
kernel/services/scheduling/index.rst	kernel	15365	038989510e5dcdac8ac64a44c36db105e076ced353b7cb601580737f2794b4da	text
kernel/services/scheduling/preemptive.svg	kernel	13500	f2e464d94e8f82e597818762090861719de6eb1287fc05b70a4b8bda5b64454d	asset
kernel/services/scheduling/timeslicing.svg	kernel	22297	ea207397a2174b61ccaa3e21f30c5f2730dd2727e89c3784c27e9acc554e7636	asset
kernel/services/smp/smp.rst	kernel	20887	a3cc011079d416ea096d0f4e0c21f33954b4832fcd44d2e00d499283c006355d	text
kernel/services/smp/smpinit.svg	kernel	16955	249de992ccbcecddf1c7de902b493aee85357e40736352a6ee311d5422364087	asset
kernel/services/synchronization/condvar.rst	kernel	3627	e0280f0fb96d521395ac0ca9077bc075dd8e3235ae5a02a0fd96d2a528fc9387	text
kernel/services/synchronization/events.rst	kernel	6122	f874bac9659c961cfba00750867011670f4e221eeb286853aa7724a011061143	text
kernel/services/synchronization/mutexes.rst	kernel	6147	10cfd93af198eb8e78a758365f19aea93abeb1351217d35f4f487e031a912c33	text
kernel/services/synchronization/semaphores.rst	kernel	4061	89055bbf916c29e062b8193e70ddbdfb7c3ee5474178293224b839a73f48da05	text
kernel/services/threads/index.rst	kernel	23620	1193a2dcdf92da6a1752ea21eea0bc205183c3722e63f7ed76de5aee433df412	text
kernel/services/threads/nothread.rst	kernel	3412	6c299d139b7829e8d895a20b1f736adf45e2892cc4b701211e68fae627ccfca0	text
kernel/services/threads/priorities.svg	kernel	27918	8aa315e0d12e33c7a06b57b218bde33591a3d5c4ee4ea80b0a28c6b02c4bcd72	asset
kernel/services/threads/system_threads.rst	kernel	2861	5bc2c703fdfdede6275f82dfb35da864abe6d6b793cb573ce6981aabc594c713	text
kernel/services/threads/thread_states.svg	kernel	15146	2d138788702d9a45d0faf69041b96286961953545379358a8d3b68014cb7d215	asset
kernel/services/threads/workqueue.rst	kernel	24794	2c905ec3cea73fa0b4d6ce4e711081b24732dec859b98e897d7082aa64548895	text
kernel/services/timing/clocks.rst	kernel	19588	73b1e04362700ea8f852d4d6a8d037fc0996711e97f9ea68a6a80b0b16e09e04	text
kernel/services/timing/timers.rst	kernel	8585	ac26d2d8b7dfa3f0b8e881ee73d335ad0485f46651e7a33164e375a53af72413	text
kernel/timeutil.rst	kernel	13793	032fbe4af4b8bf245f018c7c8ebea1cd4e181d90ebb7e464d4626f33d1ab5f22	text
kernel/timing_functions/index.rst	kernel	2053	7423ad83ab9c77d4f0cabfd97b728ebac30d52f3bf73473eadfa64c54159e408	text
kernel/usermode/auto_mem_domain.png	kernel	243497	1f2d56eb8ba5c51af970d1078746e1f7af2c7398cfd9f1e34b03254cc6fe0473	asset
kernel/usermode/index.rst	kernel	454	7b599611dd64421aac6786f236d68a8842ce49e1c31958a9e0ff812ba95fe35c	text
kernel/usermode/kernelobjects.rst	kernel	11742	b3f86f4e936e4451f32b718172966165889f0dd2e535295716ee82b9416da8cb	text
kernel/usermode/memory_domain.rst	kernel	19020	7f6e39fa70c18cd735510e17ddefed67b619c019397cca362b776016465541c1	text
kernel/usermode/mpu_stack_objects.rst	kernel	2855	879aa163e5594d0084f8785bb448e3c2b01359abd20c6b3fa6d7b8a4df99ffe3	text
kernel/usermode/mpu_userspace.rst	kernel	1179	bfa6260ae2d6eb008f60d40a2a19aeba68345f1af4fea8069e9f0bb22bac9b22	text
kernel/usermode/overview.rst	kernel	8550	49f53b465d70f2831bff500fc02819f568385164f3f322333bdf894af57275bd	text
kernel/usermode/syscall_flow.png	kernel	154856	16634c455c9c08c241b94a0b37bed252b8407388c619126f37d16bdfd4bb4fcb	asset
kernel/usermode/syscalls.rst	kernel	27915	18065c8dbe4031fe439f3eb79c0d3242afde490928e07fc74457575a02168660	text
kernel/util/index.rst	kernel	188	98623c34b5673f0774042c6a426924c918e954350b5fc583f6616e87f5df860b	text
project/code_flow.rst	project	2740	9b8f5a7b48411d2c4f4157bf987a8900f83ad1f652d6d3e0876af9eef16e7522	text
project/communication.rst	project	844	811411982e212299ca0cbd081d3a434f77d8e8d1e47cba7d017897991953e6eb	text
project/dev_env_and_tools.rst	project	16453	67b4a5aa43882f54e353a058a2c61c106d56acc4d1644b24dc51b9b126f65a44	text
project/documentation.rst	project	3729	a9ac33fab3b6d4aa1bc540b010c5320e683f5a0db8a5d9c6170ac7424411fecc	text
project/img/img_release_activity.png	project	29377	c1c940ab6a2c29f31932c8c64a2fb6548187532929c3a35a196c628cf540394a	asset
project/index.rst	project	1850	eb8ea4b8a78a9328caacbc255cba29a7eed71c8d305fd125accccdbf892b70fa	text
project/issues.rst	project	1342	a3ee945547fa21336428f481cabde071f03e6d27831b95584fd9f1f0185d3c30	text
project/lts.svg	project	12184	a40ffa8cb0031ae0af99418055399c38eadcfb8111ba7d53319717ce5749f2f9	asset
project/milestones.jpg	project	60460	aae4ed06096782550491b1750032131fd2e5063b6fa2c6c809a46ef28fa528c7	asset
project/milestones2.jpg	project	107763	a96e3ca6f13565df9174323d2a501c1068b0f26591aa8bf2859796a1e46e76fa	asset
project/project_roles.rst	project	15495	4088868bbc39d8419bf2822a9999a55c456880608bea8ab9b73433dda7091655	text
project/proposals.rst	project	4446	5124068ff8e991929e418ef20831e0bd9625971df3a05d563322268944fe01cb	text
project/pull_request_classes.png	project	38895	0201d3f32e6c71475d68ba01c4f19c4d24b8ed3b803fac9d2f3e16f05bdd9cbe	asset
project/release_cycle.svg	project	17167	91f777a6e12f249f805757f21236e45c8f9c51ac18e6a4a36c4746d93cec7ddb	asset
project/release_flow.png	project	68814	22952b0dd8cf839dcfa725d40e0a4420e6c9eb63ec3bcfeae7072e6a4391fc6b	asset
project/release_process.rst	project	23341	488c4a2a1a386f681dfbcef5c7d1e99759e8447d80fe8fe7f524b9c6dc367337	text
project/tsc.rst	project	8861	0bf65dddfc147a16719e237cab8f78fbb30389bf9ca3b5719a887124300f45ff	text
project/working_groups.rst	project	4919	2617f197c372cbc87945563488bb5605c4373fa820aa7d60453f8e5b17520875	text
releases/eol_releases.rst	releases	3191	8746ca3cb27274ef2ea2f1387aa7f0d3e0a8c2c1f1a61f9da2ed5521b84d63af	text
releases/index.rst	releases	7871	8190e279bf52e9e7e2497ff34be98f93e2917f3a692d0f3c9f839ce5fb480270	text
releases/migration-guide-3.5.rst	releases	19899	bd99a98c582ed4d5e83390385236042aeb9d9bed941a3ad758f546c38295f59a	text
releases/migration-guide-3.6.rst	releases	32229	dc635a9d0e231a90560adfa4cb313ef858c75cef68d26f33433bee240d2ad934	text
releases/migration-guide-3.7.rst	releases	42747	f6c6511eca057e75279d5c2a5e10823a0be55cb1e593550ae7dc4b72f3c628b6	text
releases/migration-guide-4.0.rst	releases	24653	22478f11b6814cef32af417b8de369883107ce98a3f3b76cec84f8dd96bbe47b	text
releases/migration-guide-4.1.rst	releases	29550	eb51fb05607331551366ec703b49f9b34ab7dda6d86f0d72b852524712247f73	text
releases/migration-guide-4.2.rst	releases	38583	7511a043400473f4df5f315224bd64b5497b76b51d18456c605bd330c6ac910c	text
releases/migration-guide-4.3.rst	releases	26121	de1487fd5a8cec3b2651904ad8c296ddb5f9d2ce3116b75c04df2733b0e46b6d	text
releases/migration-guide-4.4.rst	releases	75283	0d74026f98f1583583a6fb3a21933f42ef296440d33f3edbe6e30b4a61964e00	text
releases/migration-guide-4.5.rst	releases	971	e53c477207a3391602a2b7f602a4fb1256a92181aebb87679d1a2465bd07de5c	text
releases/release-notes-1.10.rst	releases	33172	1ca78f1dd1ebc216eadf10f3d43e7109c78969d4f0ec3107b89e46bbc352ffcf	text
releases/release-notes-1.11.rst	releases	29428	eddebf9b55923d98881907121ab9a8f6082de25926dc7ef52b2a3df295a6f1de	text
releases/release-notes-1.12.rst	releases	53363	2e0a3e70a6295c26d8dd80fcb59792ceaf763c1f039017194e5f1d90dcc0ea0b	text
releases/release-notes-1.13.rst	releases	46884	270b3d29f676809442cf9380f21cf0dfbf8858e9b4006330c83f99283a7d4953	text
releases/release-notes-1.14.rst	releases	156859	54f44d00b351bd81fde6970e46f2e8a8cac4cb54e3a63837a1dbbd7af0bc83c1	text
releases/release-notes-1.5.rst	releases	13134	e696377ac01686126c2af38486f258e1c3bd2761367364a5b46db3a9aeac5de0	text
releases/release-notes-1.6.rst	releases	19242	a747e42f28086abf2e5bd1c54c530e2955440885f1cf0640afbfd2f0fab1ced1	text
releases/release-notes-1.7.rst	releases	25324	040b7fb31067165d2607a03b655f25feb8de7d23ca547b5e891223c9295016f8	text
releases/release-notes-1.8.rst	releases	14813	a6fc063fa91c6832337dc9a8fb74fc6e055cfafdab49ad3b7461d261aa7ae2c4	text
releases/release-notes-1.9.rst	releases	18984	7d3e35121a5eafb641a9e990ae367f01fda9e00172ba723e7c821b0451239e4e	text
releases/release-notes-2.0.rst	releases	100201	0d71b640cfecd3b22aec48df4b279089069cae24d3c1509198770c80fca58da9	text
releases/release-notes-2.1.rst	releases	51442	dc9c75b159cfda53cec1a53880f1c276901b936bc424e98d2f4ecce6699383bd	text
releases/release-notes-2.2.rst	releases	64326	082d517fb64bfa244af7ac2e10807c11d9b4f65bd55f83a4cb64c8e806ceb27d	text
releases/release-notes-2.3.rst	releases	82076	6a6fd2d5483d08bb79f4e917d6115027f11595f0622ebd7dbacc22e0a1479ad3	text
releases/release-notes-2.4.rst	releases	111420	a0a9704233031ae9229cd08e812bacfd0e311c01cfbde16803fd43ba22918519	text
releases/release-notes-2.5.rst	releases	112985	46533daaad4540799ae69a8d9cc219420697ad970ea4b0beeedf2540ddcf03c6	text
releases/release-notes-2.6.rst	releases	142228	365cd636fdf4b33e3860932d89c6109f9a2d58ba9e999a09a581afe1fec6778a	text
releases/release-notes-2.7.rst	releases	115292	a58e2b3583407ea554a269fd8b227ba97bd256ee9db713fed10f66b77d213f54	text
releases/release-notes-3.0.rst	releases	68005	3654390da96f33312666c1583dd60a2129e6cb8e3f363e5d3552a6bc255b2ff5	text
releases/release-notes-3.1.rst	releases	113320	19b89162b026d71fed4de5dcda697528763cf9f9f5e7264a4ee2bd5c97345704	text
releases/release-notes-3.2.rst	releases	150273	d59b53901c37631ad3a74928a54ce314ca35dd1629e34c10f2d827d9d625b62e	text
releases/release-notes-3.3.rst	releases	208357	86e899fc9ddfa10830f0bf4935e40fed0498a596fd5a4c86a19ff1e720f43d09	text
releases/release-notes-3.4.rst	releases	58378	26612bd85d35163793a976c4c65a35a47c65b1cd3af64a1027faa8f70dc3203f	text
releases/release-notes-3.5.rst	releases	78962	4d6ed6b4805b4c6594b265d9d4b81170f6244180f31af507b46126403478152b	text
releases/release-notes-3.6.rst	releases	57980	42caf6b25ffca20470fb3ca497a7928273cbfa123445b7399ba438d05d9a8dd8	text
releases/release-notes-3.7.rst	releases	92015	aa4e46d18b02585c7ae2d106e0a398b54ed66d531a4b59b9299efe751f19e49e	text
releases/release-notes-4.0.rst	releases	69941	c6177cd8954044bcac1350076773d0e5a220db9dcd14dbf6f68a6bd3bf7c0fef	text
releases/release-notes-4.1.rst	releases	31946	689e369c4977528c64e3313142b5ae9128b8191684003ee26ab745be1085ceec	text
releases/release-notes-4.2.rst	releases	47197	e520e198e8ae231397be713f4fdf5715fbba7f600c692110631315f956c32fb8	text
releases/release-notes-4.3.rst	releases	46998	5d22963dd63710c3742b7db8272b67743bbf2a6ef1bf381c4f9f16143616cee8	text
releases/release-notes-4.4.rst	releases	76379	795072cd0966d3abe468e90f84f5a745d9d684270c9380bb9efd39d50b460bd4	text
releases/release-notes-4.5.rst	releases	3275	aa8e0312842f0749048e6d2b85e5de3f728f26866ba62631d07fb81e0b2e9550	text
requirements.in	.	720	85250405f32f1079f7694f866ca1b6936aa57867f33c2b8dbf13e72e8dd76c18	text
requirements.txt	.	63243	84dc25e3e738083e645d6b3a40454837e8c83793c5bb6dc004d7a654e92bb529	text
safety/images/IEC-61508-basis.svg	safety	38462	8706cb8ccb5dfe3363b09fb297927eef96b6351e158189c564b778a4e02c984f	asset
safety/images/zephyr-safety-process.svg	safety	31524	cd32b0e5e5c6b2f0829ac2f06cba5e77d653bd0daaa8a867f2db0928ed3a3958	asset
safety/index.rst	safety	267	31b60381c136c5f080a5b009ef659a518845c1eba38d1eafa060ebfd71a3dbee	text
safety/safety_overview.rst	safety	16804	1143093433232647c470b8f71c1615a6faa05af8cd28aebbe0b026e810087021	text
safety/safety_requirements/getting_started/create_your_first_requirement.rst	safety	4071	072df11230114e82e7b23f1763469fddce15017c63dfb7a93b735f2f42cb1b1f	text
safety/safety_requirements/getting_started/getting_started_with_requirements.rst	safety	2389	a02e17f67f767e42d054a42f40bd1d13df117eca81e9d0ec880caa5f620649eb	text
safety/safety_requirements/getting_started/index.rst	safety	330	a9c80cb556a0de4aaeccb646c2e072e7e598e16be9e154cd59e9287b7636d05f	text
safety/safety_requirements/index.rst	safety	419	2e259f6164683bbec2c7f927853f31dbdd9915fbbcd2538f978f575146f9f098	text
safety/safety_requirements/safety_requirements.rst	safety	10854	387e7982988133acf523f4a27330d29d779cf341724849fc0615a5b985f05f41	text
safety/safety_requirements/safety_requirements_checklist.rst	safety	10984	7433a998de9433e3c0901fc4b4d30677be3aa24d4511e80733bf18ad39d95bec	text
security/control-flow-integrity.rst	security	6982	e5ab4f921d844dd7bb459ce559ff32e55417d47d34acda9b8f34e6c872a4f240	text
security/hardening-tool.rst	security	3044	81452b3a41470753f3c9e50acc42bfe8b1ec50c38b13dc367d2e89405af751ab	text
security/index.rst	security	406	4bb8d2721494f95d7cdb0e73c4bd1c9f7e0ef354a1bd1d53a4e4f616d783ed1f	text
security/media/security-process-steps.png	security	60240	7e3b5af12072719d0522576857970e9707d8521865afc1a1a8ce69a3854f82b2	asset
security/media/security-zephyr-system-architecture.png	security	77757	2e80aaebb1a1857ea970f655ead3f32fb8d4f1c72baf0920b2599682d4d4ea98	asset
security/media/sensor-model.svg	security	14221	1d7acafa3b541b21d4569c1c822d6950ee98003e1ce3e73d94728c2a31975871	asset
security/reporting.rst	security	8227	76ef2b934ec2d083922f01002b695dcbda0c5c7f16e7bacfa76c8686faf4b125	text
security/secure-coding.rst	security	12688	63dbbee01984dd2726841ee1c2bf385d6b47049a713885dcae66890d37b7c8de	text
security/security-citations.rst	security	2376	386ea674e2ce3c5df272103d59e646465dbec2bc8628aa532c7bc21e01962a70	text
security/security-overview.rst	security	31084	5c71fed9a45021e96b419ea63a3b726e7c18290273663fedc767a2d4d4bd318e	text
security/sensor-threat.rst	security	19085	27ddfa3cb40a70569434d0bdb8038bb65e14e968108bf4f8b31f0cc7859b9cf6	text
security/standards/cyber-resilience-act.rst	security	21285	3ad4294ca699a54536357e0bc847dbf72e65d046a4f7f7798e5c55b8417265af	text
security/standards/etsi-303645.rst	security	24785	bd0443274453144e768e4816346bbc69a07c00d6b89e96a6593a97f6fb5d8561	text
security/standards/index.rst	security	739	9bfa0bedc6060ce459d540399833b1598cde97f172df0e9287d053b0aa5b2200	text
security/vulnerabilities.rst	security	67602	559db57456ee606522241ff51efec96d45b9d2df7f88e5268781854023b226c8	text
services/binary_descriptors/index.rst	services	7388	069a3ab3bea6543bba96be049ef98679a9503467fd4cc49854400b99975612dc	text
services/console.rst	services	61	0b6d6439af31925e0bebb8452785707c326bdff992cfda1217e557adf8573f34	text
services/cpu_freq/index.rst	services	3025	d536d56a5a59952f386a930e3dd0e51b3780c64c8863b446a55bc15328a81dff	text
services/cpu_freq/policies/index.rst	services	150	3fb7e0d1641efea5ad52e2cb6b62598c94c932491f304ebf560239400e1c8802	text
services/cpu_freq/policies/on_demand.rst	services	1137	c1d370733d23d13c95d2707ba023f6b43081fcdc2aeedd52c25f1197fb479702	text
services/cpu_freq/policies/pressure.rst	services	2293	5c5cc1ab0fcbcfd72501e706c3ddd04af9e8ef2b88ea5d82187ee45e7a25d46e	text
services/cpu_load/index.rst	services	257	b2a11aab49ce993c0dd61e87b2ad386d80604f8d673340c228bc0fe455e43434	text
services/crc/index.rst	services	1946	a85f0461f566aedd4ccb36313b5f8a304ac9e620c022b3cf476fa3a27d374287	text
services/crypto/api/index.rst	services	235	65e857a5e88166461a49751fbef2fe65b4004bad434dc5d509bccdcc28d209c1	text
services/crypto/index.rst	services	425	8be34fdb2f9e13f7b8c3df59167700147f6aa1206e246d94ff119fa990d33cb8	text
services/crypto/psa_crypto.rst	services	7312	e459665adbf68b0fa99f9744c124b07fafcf22eddb8efaa1d23e7f857ec29683	text
services/crypto/random/index.rst	services	6665	bd337745a8262dffee756bdf5c01b4b9b3e3be9cc7c8642c05fab50a412cf043	text
services/debugging/coredump.rst	services	15341	da85e28c77969204dd7e4a46016af6818ec0f20e43cdc0db267788d7d36b42f6	text
services/debugging/cpu_load.rst	services	972	703842192323f262209bcfe1dd963bf73016e3c9452ceab711e8e8a3cd925645	text
services/debugging/cs_trace_defmt.rst	services	864	5c2567252677048239be71df8c519a09515b1e78962697027a270df5c5555a2d	text
services/debugging/debugmon.rst	services	2716	1e5ef805260332868f246dc569488e7832aa5e23c0063c556faf77e71d10d496	text
services/debugging/gdbstub.rst	services	10180	2eda2d8ddee0ea049ab2581ec94fac7ae9337716b0f57da920c61ab62f315e7d	text
services/debugging/index.rst	services	231	be2af3330191fc2329e99796bbf950030dfa7a1bc8ab704985299522c4d35a4b	text
services/debugging/mipi_stp_decoder.rst	services	1914	6aa6ed5312ded67ffa8775af5240025a8fc3d483d0e000eab8e7dcf76fe60fc2	text
services/debugging/symtab.rst	services	1050	0c7f992795ae432b8fd91fb58c493d4c54889ca8ae388d8f04be6094f082f933	text
services/debugging/thread-analyzer.rst	services	4351	1314895857f2d82da4bae97f9a237d97838bd5dff9c1e54c2ef7be458a60746e	text
services/debugging/zyclictest.rst	services	4176	74954a1a8df4694c920e158df5af5bb2128b5b694bf62cb062f4f5e880d1138b	text
services/device_mgmt/dfu.rst	services	2729	2659c6988f9729a18db66c9db21389a999052edef9e888ddf6c173365aec3184	text
services/device_mgmt/ec_host_cmd.png	services	7735	8a28c103a5faea23dd8fe2ebcd907f48242a5d8be91c41e800e40d4b4918ee92	asset
services/device_mgmt/ec_host_cmd.rst	services	5407	ae344c4212711213911b2fc55a23f99998c7938015588dfb06acfeaa8847d7d0	text
services/device_mgmt/ec_host_cmd_shi.png	services	6540	41fb14f02b4e66d3e2ed574e2a56ad226ece38d7c151edaf9f5d3bad860d1d89	asset
services/device_mgmt/index.rst	services	237	c2044df8e98f5407b1840526f68d7b70819f6ac79ee29274521d384abfb73ac6	text
services/device_mgmt/mcumgr.rst	services	21015	de3895fbb3ac81cdcbf65ed3e07cf026166555f14a23c4c42bcb279ee3503e3e	text
services/device_mgmt/mcumgr_callbacks.rst	services	13681	74345b661ebf9d0c0c918ffc0be28482d39d9ab1bc2b665f69934ac0fe5e0c3b	text
services/device_mgmt/mcumgr_handlers.rst	services	8054	b3e61b4540c033f130e8dde798b909e98d030cdebf18ce00348217eb07758df0	text
services/device_mgmt/ota.rst	services	4410	2aadcd6e491e9f508a7dd3bd94de68849a8e7046344260cc10e58737a7b8729a	text
services/device_mgmt/smp_groups/smp_group_0.rst	services	37337	707219a1bde631be0f1b5cfb651d4ba577fb8d59cc4d0416e6cb13d5e882130a	text
services/device_mgmt/smp_groups/smp_group_1.rst	services	28101	701ae8a996eff133aab8bd4d3d112c7ef947b46f3e8e5fcb41dc56eae3ba5a09	text
services/device_mgmt/smp_groups/smp_group_10.rst	services	14663	da9664e9457f14f1ecfbfcf8f1eb7399b34ce57c3c604e343f27a9f58bcfa97c	text
services/device_mgmt/smp_groups/smp_group_2.rst	services	7871	a47be9fc59d90178f316815520d2baef3cfe34dda2ce0651256ae9c3ff918b75	text
services/device_mgmt/smp_groups/smp_group_3.rst	services	18195	7f7a53b54863e193edf83900bc3435caa25a35f859d89f52fd4c885855411166	text
services/device_mgmt/smp_groups/smp_group_63.rst	services	2957	0933451f22d125d959d15672cbb58073688ee6298ec0c956d4445c84fe75e624	text
services/device_mgmt/smp_groups/smp_group_8.rst	services	26524	083d02f54f8876843d0b3c2ddadfe69e718ded05bebd062e4e3a5baeb7b93529	text
services/device_mgmt/smp_groups/smp_group_9.rst	services	4670	561fae65b8054921730ad8cb7b3dcf28e810505fa8ff6bdce13771e542e9276c	text
services/device_mgmt/smp_protocol.rst	services	10886	8d8b6349ecebb3fd0d928e86106e6530af76512170b6cc68e7827ec1cafb5968	text
services/device_mgmt/smp_transport.rst	services	9806	d6d2d7ac430fb259e281baa7a53cf0a07c2c9c542ba89ae93ffd7e1e3faef159	text
services/dsp/index.rst	services	2248	ab9fd859dd3e0ca807b38a300afd93b9a7051a0c0f7a1830bbf5d31192924c45	text
services/formatted_output.rst	services	10971	89858038cdfe04bfb4910bf68f510664be5d83611f2b785240456374ab873b20	text
services/index.rst	services	836	1959f3e17eac9fa4deadb24821c3df84fb20c92cbd697bde4308a6b0587b73d4	text
services/input/diodes-cr.svg	services	181846	f73aac220fadfcd09506134579eae4fa77b97e3777e72422ae00fbecd7c2d68e	asset
services/input/diodes-rc.svg	services	182152	67fb31682e1b1630f21003ea813ce6637af0572d9914e3eb787e72471d3c282c	asset
services/input/gpio-kbd.rst	services	9128	fe4318a5520a5df332bbe23912aceb87a6655fefbca5e85f416af0df0c4acafc	text
services/input/index.rst	services	4069	5ecc235a042a60f1b1606784db4e6f9105d9e114bee61914e53d0a4101d14c64	text
services/input/no-diodes.svg	services	79237	0a20cd939dcad642e61c23e4307aeb859b9c0e6521e05d43073925177c61b31a	asset
services/input/no-sw4.svg	services	73541	2a7c96af8055dee411d976af68c1f07d79796c1b3fd0fd4290189ad6ad975e4e	asset
services/instrumentation/index.rst	services	11353	98db9199539d050ee13686fd5cad6874215a6df1f86717d31501cd88b44e1386	text
services/ipc/index.rst	services	154	a44ad70ddc8fc2c8428cd492d573b60fb175156cd864286e232a4aa0116a86f5	text
services/ipc/ipc_service/backends/icbmsg_flows.svg	services	44510	517968fae224a0dbfc00da689de6de34a8c86e84261d37a35ae942a3c539f01b	asset
services/ipc/ipc_service/backends/icbmsg_memory.svg	services	23287	e62dda6cc01be171cf5d2dba0367d98f61364545529470e4ce38b12aa55d2064	asset
services/ipc/ipc_service/backends/icbmsg_message.svg	services	17567	6baa846af4d8a1e28634c5b7f2d112a3bfc320da626a22ff94c49c23cc4420cc	asset
services/ipc/ipc_service/backends/ipc_service_icbmsg.rst	services	14612	1f2f86bf38c193395834b410dc339613b26bd524b92fc3df29bfdd0bfcaffa21	text
services/ipc/ipc_service/backends/ipc_service_icmsg.rst	services	6634	338da293a3c252c6fe1f39dd35e300b16908c450e863342cdb3db48f983428f2	text
services/ipc/ipc_service/ipc_service.rst	services	5363	8234ba219fe5afcba560fafbae06e1fdb4831d299100815a565cc4ee76585c68	text
services/jwt/index.rst	services	1924	02410fc115d6b7d1ea3715083da451067e66d476f9a0f92a0c0afbb0ea6352ee	text
services/llext/api.rst	services	166	9268d2b7269cfe781827133844bfd47da81adbb63bc04bae442efd715ebad09d	text
services/llext/build.rst	services	8889	69b5bd93868516fbece826e2f21ecc4e3989f5c75c666c9d6561d5b3b9676b0e	text
services/llext/config.rst	services	12219	cfdec7bcc685d1ba7f1f0534507a860de99d1ad348b227e64179ec64d3b15c17	text
services/llext/debug.rst	services	15028	38a7d69faaed5da102146cb9781f491ce783c9500650739fbbd8691ef0774475	text
services/llext/index.rst	services	680	b9bf2e6b378df3721fcf72ee0eecf85f18efecd19005c57bcad6d5da650a4cdb	text
services/llext/load.rst	services	5048	97acdcd8fe5716b186a9b323e4648cd404871a13fadec89df79bf7d01feaa817	text
services/logging/cs_stm.rst	services	13243	a918e4ca73eb62b0ac46dc10e1457492916cc2650bfe10bf33d5506a3d882f81	text
services/logging/images/coresight_architecture.png	services	76385	c9d3922cf293463c0c5f0e2f327083487b18c7867d4dc799dff59540cb902bc6	asset
services/logging/images/domain_ids.png	services	30378	57153b2575afd671aae3763b584fd6a3ebb5d47edf616a66f83b1885ad53ee7d	asset
services/logging/images/multidomain.png	services	29091	d82e2b41f65f23295c14f2b90567c2ce506381fb141aeef2f0e400330a22cd38	asset
services/logging/index.rst	services	45385	b08fb1c1201330633c1a9c4327e3cfb71fc1330dfee9886aeae0e37f4d3de701	text
services/mem_mgmt/index.rst	services	7804	3e31663d042e8ed2f741a90e02ce470f995a8e2d7cce725ab9334a057e38305d	text
services/modem/images/cmux_frame.svg	services	102550	ed2f9065fc777815385569be161c3509a397bf94d9fe28b8dbc269da553aa8ed	asset
services/modem/images/cmux_state_machine.svg	services	14445	4a854689a33b6e81f8610c5ab38260e832c1f6cc855c21978fd68b93937acc2d	asset
services/modem/images/modem_pipes.svg	services	140847	287d5ea376ee88bc63cde45d76fe2d1b715649ef9063a2f19ef2f17d829203f8	asset
services/modem/index.rst	services	18725	029743faa82d7de904f5d1e97219506bcb66c4d850b50f65b95cdb1030d448b3	text
services/net_buf/index.rst	services	4610	79cd2576e6f9fb367f1b34a0cd33f9febe3d2b0bb03190e71d8f27e3025bd6a1	text
services/notify.rst	services	1506	9ec288d002c6eb8e33c2dd87aa277c69b8722852630ce562f662566c772ea715	text
services/pm/api/index.rst	services	463	42bcbfcc908e4273fcfc3e18fff746f63959c8d37abc547fe6eb2bf41b409509	text
services/pm/device.rst	services	28426	1efa34acc01ff19bba607255d92c77321984679788a731505bda14340599bcf1	text
services/pm/device_runtime.rst	services	10271	133523503d51bb909295f1578b2b9ba6307af55383e74790f43fe9bfc213a8c7	text
services/pm/images/central_method.svg	services	13303	6e5927fc7c6fa9e509e6a3454fceffa240a49bd3b9e4690ddb19c5a6761e061d	asset
services/pm/images/devr-async-ops.svg	services	16236	9ccd575b760b33138ac2e00d5d34713244841a1162e0c209b7aad7ebd568c085	asset
services/pm/images/devr-sync-ops.svg	services	13109	ffedab6c6d85959175240abd4cd9dc87a2c797e01336b640b3f75598721c0dd6	asset
services/pm/index.rst	services	355	957e23090c80d791c31762921eaa6733d2e9b435fbc1cf4094f38751a2634f7c	text
services/pm/overview.rst	services	608	7e32e9eb38cf69e98a17fc9e646628f617ae9d7d2e31b10c77cab28ca5d91248	text
services/pm/power_domain.rst	services	5952	4f28e593a3e29efee14f721f95db577e45a1309c90759107d52973145377802f	text
services/pm/system.rst	services	7105	11f6c11862bb4b3450915721eba559ddec77da7ee6aa39e99448af4dd27eb920	text
services/portability/cmsis_rtos_v1.rst	services	543	2e8c6f87058e030c4524b39a5a5a1e916dd759cbf97a9e126327467aa0c6a539	text
services/portability/cmsis_rtos_v2.rst	services	3132	185f28280c68d006bee4ba63c5edebb465bc70c4fe2a765951d92448c7d45583	text
services/portability/index.rst	services	480	8984ed150f452b4d40317529ff4e90ddb575f826ee849c9b94a6c02976ff43c6	text
services/portability/posix/aep/aep-pse51.svg	services	732	a991b3619d391faa34e2a21aefcab13ef50fad1694f9e407c5afccbb2a07629b	asset
services/portability/posix/aep/aep-pse52.svg	services	732	916363f088cb6bcd51839b6a2013377354054e7e9a58447cfc658dde27afb9d5	asset
services/portability/posix/aep/aep-pse53.svg	services	732	0cd4c43796a9b3f611864bace772c6dab2515a41ec603c66528afa2922df52a1	asset
services/portability/posix/aep/index.rst	services	7070	bc20b7bfd4adf4f5927725a1aabafe095db21b6ec8649269e9548fcdf9c4187d	text
services/portability/posix/aep/si.svg	services	732	ec1b48c04a5577cd9be3a010e05e51524c255cbe5968ce9b028dba3159c19349	asset
services/portability/posix/conformance/index.rst	services	8711	f7e85e35745addc4bec233bdc714064a546306ae3142e243483cc808c655fe29	text
services/portability/posix/implementation/index.rst	services	3199	8eec79fae4864b6c5b64ea93ec72f55519820ca3bad236bb8504a5957e1374e6	text
services/portability/posix/index.rst	services	203	2251e6ddca8a20d9d4176d68faebee5b540174a0c00fa59576932d7ef1d4b4ba	text
services/portability/posix/kconfig/index.rst	services	1718	d83ec5bb7970be9c3245f43dd9628a5c415827ad3ae7d750cb8f835deaa6fa15	text
services/portability/posix/option_groups/index.rst	services	27472	9ecd75d3de866f866ee3983465ebcff0c62dea82621f56468709d7d8e899d090	text
services/portability/posix/overview/aep.svg	services	690	ed6711e9e1521f27f0c683fee23358f88e4806f40175a637a0cb6edf1c96108e	asset
services/portability/posix/overview/index.rst	services	6574	999fb88b9293e9d824d4ed0229b158ee83f20652f282a2fe343de037626b6d2b	text
services/portability/posix/overview/posix.svg	services	10180	f566bd8bc1b21ee8710fe1b1daca1788b6ee2ff9370ef894e23b084d3ed32d57	asset
services/poweroff.rst	services	67	f3312f975765e3fd4d1b383c274d94e357d448b9494a812c9941b70af0fbee9f	text
services/profiling/index.rst	services	133	173d52e6801401f585f685067e8f8f5dc71c8e4cd93cc4fcf2c72cc9636c25b5	text
services/profiling/perf.rst	services	1350	51b4b40922ade38a2f5c0939a80baaaa0c86f9bebe48e087857eeb09289228ac	text
services/resource_management/index.rst	services	3774	d9f9dbeb77b2d672367e28a3a1258608465261aa77c53b52254cbe8795cbf83d	text
services/rtio/index.rst	services	9570	81cd5e9674ef03ce8a27e90a700ab86aad22137301d0a2fafa9e982a9ff5183d	text
services/rtio/rings.png	services	91310	810f69f94c3ef65f90b54539d3adfb2695ea088f39247ca3684b9c5df793f387	asset
services/sensing/images/sensing_api_org.png	services	40295	f04e489cc2ec770086f7447c187af44940cb9ebf81b8e37eafabf6248d6db6d9	asset
services/sensing/images/sensing_solution.png	services	121791	f25f2cc26ee4d10fa649a37d2d89ab426a184e13162b0909f5b59c9b3957d890	asset
services/sensing/images/sensor_config_flow.png	services	171478	ca4bf756677a5fc95a545d7662d23f4d33f23504dc00bae803101ddcd4fb9c02	asset
services/sensing/images/sensor_data_flow.png	services	182899	5ef8f27b9873203567c3b19105ae928b7c82596239c32db0063948e5ba0a60b1	asset
services/sensing/images/sensor_top.png	services	131971	7445712544f868c2b20b592cb4ceed44fc5ed5584e146c66df8aca89fd37bb08	asset
services/sensing/index.rst	services	9247	d06cba5864da082345e812eb75b8e958313bd2280f28bbf7cfc0c5e4f8651c43	text
services/serialization/cbor.rst	services	661	917a3e68a41ef8fda65b0704685e6173bcba308f02f030d651c8cfafe3641927	text
services/serialization/index.rst	services	273	4546dabae5206c2b1f661503648cf951af685253fbc5dbcc3d108f8e7782867c	text
services/serialization/json.rst	services	1743	a634ff8fe2772e1868fc9732a1622d94d77a0b0ba2775681a23a2b3171210d40	text
services/serialization/nanopb.rst	services	1634	521e045ae90c08a8b6669d4a781acb39e90dfd1c3722323a3235b9d0a7ab0950	text
services/shell/images/dict_cmd.png	services	39492	5767367aaf8d293d6763c17918db7c0d52e71b87a3bc92adb5aea644b94db74a	asset
services/shell/images/dynamic_cmd.PNG	services	15065	8c3fb116144c936b8a41e93e1df675b345c3917d78a756870ac77d7d965a110a	asset
services/shell/images/execution.png	services	34218	cdac59922ce770f23c57f7af2f7207aa068a8979143c65661e77956bb3fc7298	asset
services/shell/images/putty_rtt.png	services	49444	8e056053b75970a45d2fa3c44048f306c96067f29eccd56c82181f52a16f9918	asset
services/shell/images/static_cmd.PNG	services	19109	5c35e545fb66f626b2d368885fc82c38c2a9433e209726a3ea61a6d537c581c1	asset
services/shell/images/tab_prompt.png	services	25563	d5886305f07cccbd33652fc04a1d1204ffa31bbfab94c8e4018a3462a6e03404	asset
services/shell/images/wildcard.png	services	14738	07eca978f42d15a56517507e9c2d41f71125c6d35e23d4f52ff2faa32ce0d57e	asset
services/shell/index.rst	services	30658	43df6c95941e48ea096acfcefd2a67d9f9f6f410bdaec35f90c77010cd2d4741	text
services/smf/index.rst	services	20460	37e27f3a27affed60598b82d3d8367c833c505a41bc488d146cffb96504c271f	text
services/storage/disk/access.rst	services	4748	89da55b15126e18245b4c9392686fe6dcc9cd51ffb45665212965706adb30286	text
services/storage/disk/nvme.rst	services	2961	1e8ccd612d7c0e39a280986290ecae40d33afa776aced1903405d70b7752afc6	text
services/storage/fcb/fcb.rst	services	2463	060ef088202c63bada02148ec4faa03845c48dec771a0d6468c6c2a0abf4254b	text
services/storage/file_system/index.rst	services	2266	d1774fede7f2115e89de205b05fe552b031043162c9224eaad9bbbd4ff7b96a6	text
services/storage/flash_map/example_fragment.dts	services	761	c11948a1eb85e362281931dfc6b7226e0ec5064b1ea7a28b80d5819d70f01bcb	asset
services/storage/flash_map/flash_map.rst	services	4659	86b71a0662ec0097360fb41c5ee13763bf44533693830ab504a0ab61eae38b23	text
services/storage/index.rst	services	306	35021f9b5237639933a471d4a4d19b619301e5c0a12c0f098add91fe6741a50d	text
services/storage/nvmem/devicetree_bindings.txt	services	302	166d2bb8570ebcd7e00aa70e422d31b8de6c6eafaa048c896057c1744b7b87a7	text
services/storage/nvmem/index.rst	services	2142	d5cd94fbe3828234a7e31db9421f36b3f54f75e8e0142776a7fd924a87777069	text
services/storage/nvmem/my_consumer.txt	services	166	9a30ecf8507d9cf46ea88a5c7c1484498a8c18ed781155425b48d1061ff5eea0	text
services/storage/nvmem/usage_example.txt	services	444	cb2d2884a2265eccbbd89e229f66238a67d2a85a884b318125682c8c714ad410	text
services/storage/nvs/nvs.rst	services	5997	02d8117e306d8b998df1e7ad5c2b3d0073a2e5b40c66b96348112cb81460f887	text
services/storage/retention/blinfo.rst	services	4444	fa146fdc3da7f55545f3ff1bc96bdc301e0164972f0e94d231af5051de2907a9	text
services/storage/retention/index.rst	services	7136	160c8487f7e4ccecf3c8072b9828b38a2231a061db818be0566fb221b724fbdd	text
services/storage/secure_storage/index.rst	services	6276	dd7237cbc7df7c24cbd32dd11555750c2bff60474e2c099dd08dffd1660ed2a9	text
services/storage/settings/index.rst	services	13588	c9c4671c19101e2ed1a922ff169e64c6c4bfa5b9622c4c07dcfeff9979b6949a	text
services/storage/stream/stream_flash.rst	services	1523	ddc7ea4b11f17b779375c301397fc618d33447ac303b6d0b73461d936448417e	text
services/storage/zms/zms.rst	services	22863	b34fdb8472bd27db23464f04da679496741b17b227537f6aff9348d98ea9f6bc	text
services/task_wdt/index.rst	services	1951	83d0ebe1fe235ead7da69a27dc06c899584e5aadb4c3a922388c6824d0877555	text
services/tfm/build.rst	services	7015	27af01989891bc138c4c3856fc40fed02a05cefb4dcae0aa11a83f7d3d40441e	text
services/tfm/index.rst	services	179	28f3b9d227a74cfe8f395b8d9aaf7c932e95dc2a8cdabb6e87171b6a6e0e042d	text
services/tfm/integration.rst	services	3486	0c0bd323204d53c8f71a733b89ed7f385bb6f8f0029b932fb472bd2fe64df8ed	text
services/tfm/overview.rst	services	12922	384e014f06ea47ffcc8fed92d78f98e048fb6f48dafd470629b2c4863e6cb9c3	text
services/tfm/requirements.rst	services	2386	cc92e8932119fed899539849c8f0fe4b565002d427ff3955085a53243a588342	text
services/tfm/testsuites.rst	services	1588	776730d6462a3ac7e207d5c2f2f189e3693648c53d796ccdb7c6f4fd8579da19	text
services/tracing/index.rst	services	28714	bd01e3627dd06325f9bfde106eedf32aad3129f4a39026fc4768946c7a6fa45d	text
services/tracing/percepio_tracealyzer.png	services	227492	9514aa00d7f9ab158c1074f6ec3025feecb6ffb79891a05055232910072e10d6	asset
services/tracing/percepio_view.webp	services	44160	20a17fbfbad105a4718b9775ad0e6a384783a93a05bb72d1537a7bd12076df35	asset
services/tracing/percepio_view_user_event.webp	services	19310	6239164eca0626f844821fed06c29f45a910163a2428f299b2c212f4bca109ef	asset
services/tracing/segger_systemview.png	services	272264	64ac29db2e478ea455fca83b384babd1b9d3295b727a541a6dafc25f52f66783	asset
services/uuid/index.rst	services	2482	f6b20a9f835784a7e25280d50c8ac534aaaba7bed6fac00d7ad66639b16f2fc3	text
services/virtualization/index.rst	services	107	655300c5938cd8df5264ae184e369b202509775796e993653c46a3869dc07e1e	text
services/virtualization/ivshmem.rst	services	1928	fd209b7bd1dd856d821ef462a19687757d0f9b50405cfdbdccc261c3e794c5a5	text
services/zbus/images/zbus_anatomy.svg	services	228365	29c6487fa9cf9697bea0a4887ba2a0184feb83af0c8ef72faf4130673ec698f0	asset
services/zbus/images/zbus_observation_mask.svg	services	113654	70aff4e6ab83e921b55fdd2efce94890d7ce562a1a7bc29526c4e4db7c763940	asset
services/zbus/images/zbus_operations.svg	services	53738	a52cada9f0b18969cef20a9ec44f9565e969feb4ec3854954b0d21cf73410928	asset
services/zbus/images/zbus_overview.svg	services	72526	f8657425ad0fcbab22185d95d01de5004c4de8a46255e14c7df02a11525b3153	asset
services/zbus/images/zbus_proxy_agent.svg	services	108530	e1e41747c04ae0078d2bc606ee20fdc3741cdca585c5b9a3fb33d87b964e693f	asset
services/zbus/images/zbus_publishing_process_example.svg	services	33184	3462dd3d7e8db1e6a6b69a922eff6020f365827ebc093436607312ae3cbd30df	asset
services/zbus/images/zbus_publishing_process_example2.svg	services	30994	accc1bfa7a1f5466fb198392b7ac1f38dacfe6d1e65e0fc3455d87c53b5f4e1c	asset
services/zbus/images/zbus_publishing_process_example_HLP.svg	services	34280	d1c42af89fb16fb5a4b48e832d131f70a731fa8af288d8bb78700e92c7e631a9	asset
services/zbus/images/zbus_publishing_process_example_scenario.svg	services	14463	018fbce2f41570961e81b62f51720223edb5559922e52414bb8951591c545c6e	asset
services/zbus/images/zbus_type_of_observers.svg	services	37304	41d4ec9661dbba45aa438bc0e3e0ed4839224597188435f894da64515d43075b	asset
services/zbus/index.rst	services	49224	f5c6adc2de45f7ddc38076fd2f357db2c5a76b1d49542ea393e96154f5d03c7c	text
substitutions.txt	.	209	3b4e8907cac0f6540f7e2b2899c61230e0863da2701bd4ab789266298c9001f8	text
templates/board.tmpl	templates	1054	d0871242a1909c5d5bcaaa17f8f27790a526eed2125e7ad7be1412631de56cf4	asset
templates/sample.tmpl	templates	1273	ab18bd0fcc64b22f870715c1e232e5c6e84cd3391c758b72bde252ede58be3a9	asset
zephyr.doxyfile.in	.	140484	10f41f6762a8e9e01b018e1b222ed9364dff517a4e7210aad90a83d914e53b79	text
